person_id,session,timestamp_ms,gaze_x,gaze_y,pupil,valid
1,1,0.17682400820962804,0.4806651591781977,0.5551010846564011,3.411952756563862,True
1,1,16.44382666867005,0.5103362914701219,0.5597851316495552,3.2710885020733214,True
1,1,32.90160562896888,0.49134299272480403,0.5517931437161203,3.25608359805912,True
1,1,49.89855526727895,0.5091888542419298,0.5754590521698885,,True
1,1,66.80437706120468,0.49448688179757777,0.5490836500017741,3.334028087838896,True
1,1,83.18999018381736,0.5242362676146117,0.5576219812952485,3.3347874927044914,True
1,1,99.96447985696206,0.5273428070714336,0.5602921308624683,3.3005053639919564,True
1,1,116.19469855450448,0.5076090369986742,0.5547117829212725,3.319637612375008,True
1,1,133.18578570106968,0.5121820645112963,0.5609742941356022,3.307518560414555,True
1,1,150.22360812177496,0.5381482863185725,0.5625935610115098,3.338489628797473,True
1,1,166.6290761613667,0.5420431438436725,0.5417943789021127,3.322156271563953,True
1,1,183.3521317265703,0.5188558732808067,0.5572334584918975,3.3117220759430746,True
1,1,199.5997983792074,0.5118210815246246,0.5583713120191739,3.2889669985239776,True
1,1,216.28470157170693,,,3.4028864867283932,False
1,1,233.04604428833758,0.5341999038364192,0.5540691822768998,3.263471609624683,True
1,1,249.92041703025316,0.5566976905476123,0.557765463360686,3.3450152704863063,True
1,1,266.6663275605108,0.5374225234619556,0.5467245742579898,3.2673315935123517,True
1,1,283.42974272179106,0.5309841342763361,0.5623475411598525,3.257460915830729,True
1,1,300.0460509016698,0.5535484312897487,0.5444528949809788,3.345929589486958,True
1,1,316.91328141797237,0.5335694403040439,0.5282632104810391,3.353490827920974,True
1,1,333.3422230926999,0.5592834918245528,0.5662394052431056,3.377858337511556,True
1,1,350.2240253692768,0.5448669426664099,0.5317772263477064,3.3414452003396145,True
1,1,365.9740556511434,0.5465917057643482,0.5481517331496073,3.379084745351522,True
1,1,382.93552972646125,0.543327771950195,0.5388920233767982,3.3487826493977666,True
1,1,400.147580460237,0.5560200814913718,0.5317534470455119,3.3849651222414416,True
1,1,417.1250094399085,0.5695817009604898,0.5397993335261416,3.370766110985741,True
1,1,433.4170953985649,0.5801907239280522,0.5479246706466293,3.432019585810765,True
1,1,449.762041650927,0.552124130751226,0.5405052144826382,3.32153763729661,True
1,1,466.7945005234482,0.5684668134197498,0.5415051627225437,3.3934957298028827,True
1,1,483.45089153380667,0.5673424271186712,0.5380083539028391,3.3237139801954485,True
1,1,500.18976197630326,0.5637839410548496,0.5308373898550794,3.350287049727952,True
1,1,516.6940674693682,0.5666998659259153,0.5271743067705955,,True
1,1,533.6163009774218,0.5586482078541332,0.5226889106377747,3.3243826346203442,True
1,1,550.1893538670289,0.5705720482236065,0.5434489959165618,3.3466581153454453,True
1,1,566.7382713481029,0.5656951727039714,0.5356011216060499,3.379168999059176,True
1,1,583.3374678440488,0.5955917597101216,0.5429751970230393,3.3662499196176903,True
1,1,600.2965623941508,0.5778008335909621,0.5230312129731574,3.3787134049714362,True
1,1,616.2886644411981,0.5575080746021864,0.5375418474602888,3.3620696870608606,True
1,1,633.3895889542209,0.5871422724785431,0.5241940832156086,,True
1,1,650.4922590604787,0.5754634204558873,0.5397162034035607,3.29060848033221,True
1,1,666.6465579319552,0.5678388620423342,0.5102924377067566,3.4011982055586643,True
1,1,682.9774023565847,0.5671204300816978,0.5198011390869451,3.419248686905808,True
1,1,699.8281533881851,0.5919963252954753,0.5217682141698163,3.447757557459523,True
1,1,716.7297160452649,0.5836810200341437,0.5184496576050823,3.3745663808360113,True
1,1,733.2916778461611,0.5825519900462631,0.522500712317588,3.3649081505675635,True
1,1,750.0187845501296,0.5717760774601851,0.5331737018555471,3.3587685934048537,True
1,1,766.9434935957695,0.5863056358689902,0.5114097426064023,3.388387063259303,True
1,1,783.395536532164,0.5901742276762766,0.5187577811778373,3.335288785655761,True
1,1,799.7109289799967,0.5774095623663503,0.511557031391304,3.447327453795045,True
1,1,816.4370884558391,0.5946641234326058,0.5126348363790901,3.4521123955908437,True
1,1,833.376197650339,0.5718356110293688,0.5124022478397171,3.456751697088686,True
1,1,849.4414085878545,0.5932496898824419,0.513803180958383,3.3552369642384505,True
1,1,866.7270551438113,0.5829605383318223,0.5132190873482476,3.394370237375665,True
1,1,883.4189172294233,0.5802654487191901,0.4958367071345888,3.3729636945996355,True
1,1,899.9269838246286,,,3.394321822942551,False
1,1,916.8041430662146,0.6000757550023434,0.5061694572297485,3.43747863752918,True
1,1,933.3312517979758,0.5824529820931458,0.4919744309110955,3.433772547177998,True
1,1,950.0312466133284,0.5776717247710895,0.5066875908566432,3.4615166977404472,True
1,1,966.9741208978189,0.5691035046797334,0.4785318381282672,3.3771835992668304,True
1,1,983.4587633131365,0.5711025166103473,0.4786515464756877,3.455714214865526,True
1,1,1000.2376346268306,0.5733628025589603,0.48017504127093574,3.3828544467022277,True
1,1,1016.2861165767858,0.5740121641466638,0.4853370931799383,3.485724881632108,True
1,1,1033.2060214169603,0.5785455117798891,0.4897093122395712,3.4404423190801823,True
1,1,1050.130539394547,0.560754604424199,0.4863140015300231,3.3456640568379252,True
1,1,1066.6896893576497,0.5543756177203017,0.4855596658147279,3.4376845226967134,True
1,1,1083.36808369928,0.5657881318914073,0.4845421313865581,3.419846309608514,True
1,1,1099.8803153922188,0.5610573441100635,0.4698188354527713,3.437015055086154,True
1,1,1116.880531949126,0.568519016001488,0.4720600997032793,,True
1,1,1133.3480784654837,0.5677001486247558,0.47941441240851235,3.443222072067907,True
1,1,1150.1595913763013,0.5735888130366162,0.4755607074238635,3.398317030759511,True
1,1,1166.6917826962633,0.5648638307753753,0.4917975437295599,3.5187796089697856,True
1,1,1182.9690854524154,0.559094366884905,0.4741289690568226,3.467602044193029,True
1,1,1199.8050077695186,0.5670081632895079,0.46643274877513535,3.425031240423059,True
1,1,1217.241643341939,0.55844471332794,0.4635685940494951,3.4309560714448364,True
1,1,1233.463535883404,0.5854463712660857,0.47028402873315545,3.4070753833915206,True
1,1,1250.0007094774874,0.5477532314282272,0.4709878214813421,3.3457934159607965,True
1,1,1266.8217415853276,0.541580138514436,0.47862618128265033,3.555449497335319,True
1,1,1283.0913662574421,0.5513641344745339,0.47181622716676114,3.4593437859949763,True
1,1,1300.112356545793,0.5516913216664113,0.44573904215998,3.432875601987591,True
1,1,1316.3543542615635,0.5425289595793404,0.47255129975999477,3.434976797117535,True
1,1,1333.7826915995179,0.5567688613555215,0.4634858090385669,3.36658932919102,True
1,1,1350.0996695335398,0.5374945827883388,0.47116634489971243,3.487006906608563,True
1,1,1366.8071949593132,0.5499061446449771,0.4606403814509485,3.3837936887895097,True
1,1,1383.1855310376059,0.532414223028181,0.4697604068044967,3.387809871884992,True
1,1,1399.2771607793597,0.5248361389558243,0.4563159972381582,3.423558986700866,True
1,1,1416.7444569668116,0.5203712209079655,0.4472373514658438,,True
1,1,1433.75127162868,0.5296314879096149,0.43777947918274823,3.4463872540702374,True
1,1,1450.21258859315,0.491174498318155,0.4342858246833624,3.413987432790124,True
1,1,1466.6535079439673,0.5271218290983288,0.4463617834130143,3.388203749467601,True
1,1,1482.9882891241434,0.5318555525782337,0.45016281225989513,3.52744712809303,True
1,1,1499.8463042842443,0.5063201026585431,0.4440004685915036,3.4544390182616116,True
1,1,1516.526381607572,0.5114601912802483,0.44508988302522545,3.446543710564434,True
1,1,1533.7357284280363,0.501979716774766,0.4400721771821938,3.437142919148839,True
1,1,1549.672446911819,0.5133145762739639,0.4248085525874643,3.448453700958766,True
1,1,1566.6497388352925,0.4975323695619806,0.4370204796591932,3.475456207160519,True
1,1,1583.1993815419455,0.5017254762709842,0.4426535596038933,3.4619880824502385,True
1,1,1600.255557206902,0.5102968746060933,0.44058741940090995,3.409952870135811,True
1,1,1617.1298902235378,0.46623033667298364,0.4456239680409925,3.563700545838091,True
1,1,1633.6073723937975,0.5003679921870968,0.4684392054798846,3.51792550693901,True
1,1,1650.0260255503588,0.47557455260011183,0.4392657860045719,3.406035625074847,True
1,1,1666.465418770746,0.46592441494856895,0.42972557250275567,3.445945525677627,True
1,1,1683.1628135727838,0.47433490444746845,0.45395090630316276,3.415014867537803,True
1,1,1699.939711640331,0.48416381856314467,0.44047457759375597,3.4179765799057034,True
1,1,1716.5845314768933,0.4661024477834932,0.44792173059114,3.426529701858183,True
1,1,1733.1641779296847,0.47897578210455644,0.4423443842785302,3.4159738399556057,True
1,1,1749.5614696881764,0.46918157014942485,0.42829572682980277,3.47511591498871,True
1,1,1766.9394847915457,0.4829896264725246,0.4255966161391808,3.4387495666436343,True
1,1,1783.043052733845,0.4645212975588336,0.44422066802390253,3.4213644748566225,True
1,1,1799.4235304329752,0.46539942569228543,0.44019801664685776,3.433208370500112,True
1,1,1816.9962152779578,0.47326099603645727,0.4370623347141521,3.478891136026439,True
1,1,1833.7980106565476,0.44781762220843974,0.4496670471567424,,True
1,1,1850.0225599660346,0.4585097828297054,0.4354307069468768,3.4766697815076895,True
1,1,1866.6227838149207,0.45037725770330667,0.44342986427791614,3.4220990826778523,True
1,1,1883.2200696412306,0.442917748816541,0.435335925645459,3.440520009766057,True
1,1,1900.2209594233907,0.43898227988881156,0.4308987639794912,3.4144121267692937,True
1,1,1916.7788532599184,0.4325738242524845,0.44403155531461186,3.479404187493772,True
1,1,1932.9530738166231,,,3.464897089101326,False
1,1,1949.7459207212664,0.4433336144257452,0.4273400681271906,3.4588254101530134,True
1,1,1966.725138082575,0.4465762379802658,0.44534479479178923,3.4904900625081683,True
1,1,1983.3724933361384,0.43249737408351235,0.44665884278261037,3.4405379851200273,True
1,1,2000.313331960339,0.4473204771942519,0.4470973706542429,3.4043073104469106,True
1,1,2016.4393569478216,0.44909812412315975,0.44612760478514124,3.410266590447809,True
1,1,2033.21126165424,0.4373681479162997,0.43339277395076586,3.414242153996234,True
1,1,2049.7943870315817,0.44760073918809595,0.45118668728697164,3.3976037072876437,True
1,1,2066.455024497563,0.4406090618005363,0.44474409819684113,3.4746268888799645,True
1,1,2083.4088464169067,0.44373038781883306,0.4482088824428438,3.448859379116478,True
1,1,2100.405843194948,0.44020091013411955,0.46231802456463983,3.3659413834274727,True
1,1,2116.7004200830297,0.4250298291298949,0.4620509181869577,3.407640274639316,True
1,1,2133.2098665538015,0.4301395714887262,0.4582831511042601,3.430600673512133,True
1,1,2150.3775490546614,0.43022401174370706,0.4556915475674373,3.445357779917452,True
1,1,2166.737868338528,0.4127602453784989,0.4617453509898247,3.5022560928604864,True
1,1,2183.7065123017933,0.4220026590252783,0.44746762443197435,3.4546913554947656,True
1,1,2199.584203722854,0.4063545955643175,0.44501210348762016,3.433542357529646,True
1,1,2216.435466256498,0.4242087826636246,0.47014826321430675,3.4259272104645286,True
1,1,2233.0776375570385,0.4113601037424225,0.4530660529912997,3.4277883893187036,True
1,1,2250.0091903722314,0.40984790252056463,0.4630291855369276,3.4596708949366586,True
1,1,2266.5742090759136,0.4199231676280651,0.46824855644500096,3.451347393570912,True
1,1,2283.351505769301,0.4347342538867657,0.43550362286370803,3.4258250358053095,True
1,1,2299.9284683414808,0.4270390405377656,0.4461820021993803,3.451050781624266,True
1,1,2316.855503137126,0.42167800703166647,0.4574085280753198,3.3895190439102625,True
1,1,2333.366575466711,,,3.444576779824404,False
1,1,2349.807947736629,0.41740096704335694,0.4700985580509693,,True
1,1,2366.676798089029,0.4224574070802193,0.4569021147037808,3.4596963499566824,True
1,1,2383.2639377462074,0.424045867988672,0.4726491070293818,3.314426389809103,True
1,1,2400.0125724676864,0.42963885615369285,0.48114242676079666,3.392164476774143,True
1,1,2416.4766607045285,0.43368230044293143,0.45587398151885233,3.3802121043851208,True
1,1,2433.4816393620704,0.42873922625491884,0.46070741100053597,3.3503142692989636,True
1,1,2450.2418161910964,0.41431969232324506,0.475643994786332,3.4011259062736423,True
1,1,2466.5892968159383,0.4404400985771017,0.48703993987909694,3.3226587983278146,True
1,1,2483.173944776835,0.42413200052301303,0.4902909939242826,3.366975360728528,True
1,1,2500.147185462572,0.43722468461831093,0.47842229921721197,3.4003825467009983,True
1,1,2516.4463341200653,0.4162428315655521,0.4831837590846653,3.377998187768103,True
1,1,2533.8797922663307,0.4189856046235621,0.45997068103880934,3.360337690487443,True
1,1,2549.9183656554437,0.4416434974017401,0.4982152048938514,3.363226982454422,True
1,1,2566.8731758980166,0.4459289715382892,0.4711853882046151,3.330439964367036,True
1,1,2583.2378264138965,0.4373974248002955,0.4884483696528781,3.3962780812436906,True
1,1,2599.9307981157976,0.4419559284741919,0.4828110556119967,3.3214021220943803,True
1,1,2617.0489363020447,0.43474860239127644,0.49266516512320074,3.358238659231478,True
1,1,2633.082040829676,0.4257262825403658,0.48515647266466333,3.3038979093507597,True
1,1,2650.241400994301,0.4481571345147008,0.4882401712981513,3.332659482143068,True
1,1,2666.2864008374827,0.4247861390626596,0.48743374715028864,3.3965614439719025,True
1,1,2683.1579686065847,0.4417647369129891,0.49263116967870596,3.3622506679683757,True
1,1,2700.09179242336,0.42334699951102917,0.48381467552699703,3.3547945210385257,True
1,1,2716.456499552455,0.4480366763059745,0.4837083664946952,3.321103694667904,True
1,1,2733.394736752869,0.44869494710016866,0.509222398091301,3.3437058207232577,True
1,1,2750.459296225482,0.43560834825323524,0.49984808361974403,3.3991900518932097,True
1,1,2766.6089872754533,0.45691158278478494,0.4875650383469511,3.3775950408220985,True
1,1,2783.4404666980804,0.4540434008292511,0.5021303506237512,3.290684772424599,True
1,1,2799.923666056359,0.46462484024200607,0.515173823158448,3.4181374071809034,True
1,1,2817.0228910267597,0.4600018589184534,0.504455258468294,3.3556820757871235,True
1,1,2833.435565863595,0.44850774973867313,0.52925981987618,3.360642880242484,True
1,1,2850.1114444465193,0.447598664786929,0.5166328567220014,3.32407802034142,True
1,1,2866.8861492399283,0.4653083243714438,0.5233763896376824,3.2766208401477535,True
1,1,2883.3490697347243,0.4619599156580959,0.5118179840041538,3.357317720013181,True
1,1,2899.7522686426855,0.45806404376603216,0.5100859009587433,3.293877469030817,True
1,1,2916.325815777379,0.46585224831566746,0.5178644526491516,3.3789304058029694,True
1,1,2933.1846825542725,0.4656115103201475,0.5205165180121231,3.2757471122462087,True
1,1,2950.11298901462,0.4627598999877509,0.52111460723323,3.3190677960550743,True
1,1,2966.7581799510112,0.4828476210914178,0.5267413233294794,3.2949751804035166,True
1,1,2983.7907657153405,0.48369588360776117,0.5223158472256532,3.267201369232162,True
1,1,2999.9664587305924,0.4942978697829096,0.5255236770974819,3.404963148554163,True
1,1,3016.37026343215,0.4764387459334266,0.5335749348113605,3.214518553896733,True
1,1,3033.4568095403874,0.4974440900874049,0.539422179736238,3.327836271341724,True
1,1,3050.3584983893857,0.48629277078620475,0.5349281598127791,3.3191909009288585,True
1,1,3066.5881088115166,0.49026633976392026,0.521973007803928,3.3522151611360487,True
1,1,3083.44285752128,0.5046890356278922,0.5224313864224287,3.329416460206705,True
1,1,3100.081210065827,0.5003105517261844,0.5338998981598873,,True
1,1,3117.196850253319,0.4872667369039947,0.5541122061421078,3.339778915048844,True
1,1,3133.24484039194,0.49109712693851953,0.5355097081717554,3.3545458606214877,True
1,1,3150.311412899229,0.5129350159403261,0.5446956861293157,3.249887170737289,True
1,1,3166.2182642429602,0.5212857806487957,0.5178836399345436,3.2891033034249246,True
1,1,3183.6163146219237,0.5055609880826192,0.521665533420691,3.252589253366199,True
1,1,3200.1694767393587,,,3.3234760352696684,False
1,1,3216.7679693716846,,,3.300519964624343,False
1,1,3233.37696818734,0.5137765842658296,0.5495355759965036,3.2830936612737287,True
1,1,3250.22870556825,0.5326546138076493,0.5462389975503866,3.262324119336805,True
1,1,3266.4605611733527,0.5155563573707935,0.5348442013908311,3.2969344127812907,True
1,1,3283.181809679702,0.5341359428673195,0.5430124380628802,3.248814360967764,True
1,1,3299.9339866081746,0.512994159981984,0.541891250182111,3.207750635755541,True
1,1,3316.3980294033468,0.5498536845432778,0.5518307712753089,3.3245785720361205,True
1,1,3333.540619248398,0.5250428562382996,0.5362525178573828,3.355102904677008,True
1,1,3350.424577145632,0.5325295783477462,0.5627581549260954,3.3240510946114967,True
1,1,3366.6266787979935,0.5580819718322617,0.5170677948247372,3.3434063334182436,True
1,1,3383.1887501673837,0.5527912339217578,0.556874236466899,3.2326881006930197,True
1,1,3399.869611725193,0.5350467895332633,0.543905946461622,3.24074346248447,True
1,1,3416.6074576242695,,,3.2962354876648416,False
1,1,3433.3823850511594,0.5473720437742842,0.5637209142903244,3.256973970609134,True
1,1,3449.8529759844587,0.5497965723815739,0.5636266446714081,3.232412308541814,True
1,1,3466.909256054234,0.546265443990075,0.5573887591642247,3.2587599643498515,True
1,1,3483.3003019164576,0.560530046482059,0.5487063158173895,3.24281024867103,True
1,1,3499.979092691149,0.5620857069166565,0.5400410759033201,,True
1,1,3516.8737549895295,0.5566188971455428,0.5432154429615738,3.1888251457475345,True
1,1,3533.2324530145015,0.5501646162755108,0.5697190096394863,3.228524141320527,True
1,1,3550.1544547852236,0.5533395113176134,0.562401542387776,3.263081206812983,True
1,1,3566.7038699753857,0.5796314571234148,0.5453074463275865,3.2452054622052624,True
1,1,3583.3809179201767,0.5544531755197943,0.5538462940806905,3.318872976329101,True
1,1,3599.8097483842216,0.5722932802511794,0.5481866597027473,3.2690204049107603,True
1,1,3616.8349279292024,0.5723664783233524,0.5559387827652905,3.210961531038829,True
1,1,3633.0426649165643,0.5506860614547998,0.5537269235763151,3.1809941825310357,True
1,1,3650.237716702417,0.5894112232986793,0.5744885046844647,3.238506569625844,True
1,1,3666.4642664931835,,,3.243134948077677,False
1,1,3683.3935931305627,0.5793880948291893,0.5570604589420467,3.2585483919530667,True
1,1,3700.241262251213,0.5653047611558617,0.5578375679035215,3.20551198948462,True
1,1,3716.678137706081,0.5792345451667144,0.5525552703946011,3.191963652973429,True
1,1,3733.1298440885826,0.5795437409186805,0.5544431805912096,3.201943205419547,True
1,1,3750.480660228,0.5637681351156816,0.5610130346141726,3.182395942686416,True
1,1,3766.948076830608,0.5688306934452272,0.5286141748225969,3.2395165852364203,True
1,1,3783.6701324191254,0.5789693815774358,0.5562577988548472,3.2596088860577845,True
1,1,3800.002740495504,0.5715679129305852,0.5657244978911979,3.1857497043049134,True
1,1,3817.2101798207987,0.5948202617839118,0.5696422412204091,3.205357229352657,True
1,1,3832.9564656601965,0.569434749298279,0.5636405224579413,,True
1,1,3850.1502302632944,0.5863246739663774,0.5521957183957565,3.252232629401393,True
1,1,3866.8117298727975,0.5816747737292242,0.5464773777615578,3.1526211756162605,True
1,1,3883.280561249939,0.5682230140200462,0.5564353724312814,3.201033289343231,True
1,1,3899.6699810668683,0.5820281162916923,0.5533965513104471,3.1825386811545027,True
1,1,3916.4191366831815,0.5839149730583482,0.571512647207161,3.217425613204944,True
1,1,3933.3564824210234,0.5897205493164124,0.553050176691713,3.1721750103083024,True
1,1,3949.9102422440224,0.5756565742226302,0.5544447940010458,3.189059690486673,True
1,1,3966.47170618697,0.578900059471823,0.555050064745607,3.2596833978932596,True
1,1,3983.0694489836333,0.5604199604768463,0.5586434876611095,3.2005977150849527,True
1,1,3999.633490622086,0.5771146244124131,0.5502799072582721,3.251215330531567,True
1,1,4016.7141833607425,0.580652414349369,0.5379256194596284,3.191408963566154,True
1,1,4033.334254867847,0.5651523985882627,0.5568738846763597,3.148583281659659,True
1,1,4050.3145236829855,0.580065482303688,0.5655971839763361,3.245627081473585,True
1,1,4066.940192774438,0.5674209854073048,0.5682902534847235,3.239153815348809,True
1,1,4083.4734106545147,,,3.2580618470714526,False
1,1,4100.7383389144525,0.5823662463563606,0.5268112445721291,3.1310226985854355,True
1,1,4116.718195325231,0.5771603269897954,0.5429034151053593,3.2327557541267704,True
1,1,4132.980803626088,0.5879444527774741,0.5415703858653191,3.24313887356926,True
1,1,4150.022809611071,0.5580279217357996,0.5493080133941994,3.1388274325072882,True
1,1,4166.516223817577,0.5812748671428316,0.5237603579474233,3.200644199156692,True
1,1,4183.133846733538,0.5820350211213424,0.5383588499507362,3.191620483048838,True
1,1,4199.99606620689,0.5688037533298105,0.5413690035969206,3.120995295184773,True
1,1,4216.472049309336,0.5526212842357489,0.5385044623384493,3.1625174419396784,True
1,1,4233.372480053637,0.5755442500702931,0.5236760596065226,3.1293781328616226,True
1,1,4249.937974527851,0.56505003743568,0.5387000119109704,3.2102554714696043,True
1,1,4267.075741567011,0.5782559119034989,0.5402023269511439,3.120493165876839,True
1,1,4283.368946901604,0.5561631108916458,0.5590397880114948,3.173788826300587,True
1,1,4300.067442457934,0.5489856140605466,0.537658439353024,3.128559048845599,True
1,1,4316.809166544155,0.5371667997477197,0.5338224139071691,3.244348309145009,True
1,1,4333.451581179553,0.5685802875252012,0.5414829557332657,3.1362087972383215,True
1,1,4350.394256038448,0.5537104417511146,0.5239855754525312,3.130194064432504,True
1,1,4366.90405759081,0.541617847175413,0.5194028015763713,3.1168133753940084,True
1,1,4383.73672903389,0.5327410350778542,0.5129268406642052,3.140165091356384,True
1,1,4399.9111568173785,0.5279099193000697,0.5101265910080175,3.23618260689423,True
1,1,4416.886619687502,0.5480054124687949,0.5049310834028913,3.2212320793251017,True
1,1,4433.914213663243,0.5510075827778084,0.5005840525505885,3.149379153753912,True
1,1,4449.664677491437,0.5541488500877574,0.5148250601136692,3.1892841905178373,True
1,1,4466.581568327172,,,3.1288956042363645,False
1,1,4482.855133746874,,,3.0559877635797643,False
1,1,4500.0241149015865,0.526725350205521,0.5079721638871779,3.1502988477291844,True
1,1,4516.588074304223,0.5322062260168886,0.5212964939254102,3.168880126855735,True
1,1,4533.028272790735,0.5234775965391244,0.5124035442509979,3.165374868570416,True
1,1,4550.167483555234,0.5117808181757371,0.4997264640873562,3.203032735193971,True
1,1,4566.759346980965,0.5310172076091024,0.49609440421477324,3.176767188462813,True
1,1,4583.172176113513,0.523477376790714,0.49833685637742786,3.16971915278052,True
1,1,4600.043573017599,0.5172471290586065,0.5016321953631995,3.1300243515046864,True
1,1,4616.480055287015,0.503627824341399,0.484277179514959,3.1343298436925013,True
1,1,4633.261283478644,0.49434382533059684,0.4861239784787547,3.108163446867046,True
1,1,4649.878375276165,0.5039377967559502,0.4870505203095075,3.2025246984394604,True
1,1,4666.333665815852,0.5082809114247283,0.49229976555395605,3.2047768098237475,True
1,1,4682.7567278493025,0.5009205817098976,0.49053416285643986,3.0877865846550505,True
1,1,4700.0846284134395,0.5007830171611866,0.4883900575987397,3.122196639570412,True
1,1,4716.332890265489,0.4885379493204491,0.4925073674517975,3.1334305744241786,True
1,1,4733.095069242322,0.4784576810623136,0.4785373167211303,3.1549716672686365,True
1,1,4750.154221862516,0.4979774233363787,0.47037228730023495,3.1761270976025133,True
1,1,4766.827870495868,0.48983031170936736,0.4656444255557413,3.171149787778291,True
1,1,4783.257762576423,0.4786441946477433,0.48171797334638605,,True
1,1,4799.565766136479,0.4864596582549188,0.48013832752918384,3.103714817551562,True
1,1,4816.754487261498,0.4896457845908372,0.48288022212914167,3.19941768858114,True
1,1,4833.337886802381,0.4925997564236627,0.47878335844092235,3.0975084130043027,True
1,1,4850.248909093193,0.48638708446486595,0.48779632556002683,3.130647371283414,True
1,1,4866.52102974873,0.4703665181924304,0.4697974988459992,3.178443715247177,True
1,1,4883.703279900773,0.4612611283670073,0.47700367020094364,3.1338661622046624,True
1,1,4900.250998814298,0.46464889862498326,0.49255311267061597,3.1823788169831664,True
1,1,4916.752203479709,0.4622178681522663,0.45169615463725393,3.1834583327889603,True
1,1,4933.175705926044,0.4649910063228988,0.4534927475847462,3.1337375481828436,True
1,1,4949.865851463363,0.4807296823772861,0.4623134666150904,3.0892924129191974,True
1,1,4966.475332708497,0.4626807125760455,0.454962985718209,3.0883896341744883,True
1,1,4982.948081153362,0.45601765856166443,0.4591527801454797,3.10949180021895,True
2,1,-0.12286938201978875,0.4899969347682338,0.5534723912874902,3.3644797461783593,True
2,1,16.687212290701044,0.5127768379619024,0.5419081397400619,3.308419477172345,True
2,1,33.495545607681194,0.4964957486772578,0.5449050055727768,3.220397395471254,True
2,1,50.39310949491953,0.49500944961164184,0.5585035125102388,3.3773561453021137,True
2,1,66.56837960537196,0.5050750664097934,0.5646654688790843,3.2950240639105974,True
2,1,83.59896257134075,0.5131248186160567,0.5458531719134603,3.311260856025389,True
2,1,100.0522377781534,0.5242617033219991,0.5594422148526841,3.2527886470653993,True
2,1,116.75956501570691,0.49801813780790777,0.5646474145326804,3.3394843453368126,True
2,1,133.43702138852294,0.5192175363108402,0.5686952067095644,3.302880964568543,True
2,1,149.79377978040506,0.5035729298147684,0.5481684292891702,3.321820433602294,True
2,1,166.2847607316853,0.5203604127185534,0.5568755043275968,3.3749417682935747,True
2,1,183.59062669943322,0.5354692318269109,0.567768739763741,3.439913957808313,True
2,1,199.9480997075648,0.5390771285693569,0.5624972961567296,3.282918487730538,True
2,1,216.47791650760038,0.5470010507233759,0.5547557196029602,3.3313749739375944,True
2,1,233.76865580575924,0.5439820346362383,0.5431977409514479,3.334930610754151,True
2,1,250.16872460445364,0.5380611519775942,0.5687750030655826,3.259607156326851,True
2,1,266.8133749235907,0.5352602201584238,0.5299704512008647,3.3138235920973527,True
2,1,283.2518326032701,0.5666014678227812,0.5613315519136455,3.433142217212529,True
2,1,299.9980547594219,0.5540274138743175,0.5548985660242394,3.3112630592992236,True
2,1,316.508336513854,0.5436084634868156,0.5463307688531758,3.3780122328144357,True
2,1,333.2351896546195,0.5700024597411194,0.541060564439065,3.3578888901175143,True
2,1,349.737297300798,0.5447103078795028,0.5349908003406706,,True
2,1,366.85419382646893,0.5342566464288979,0.565001228476095,3.3817679434759116,True
2,1,383.6733327522262,0.5516531445120135,0.5594839644069084,3.3221869844856218,True
2,1,399.73759457875445,0.5774044882953678,0.5405091613527976,3.3634260661550304,True
2,1,417.1125860194462,0.5676368245172886,0.5504062098015705,3.348552622094831,True
2,1,433.0705932723526,0.5501666956193753,0.5535514430176953,3.378198170742548,True
2,1,450.16754429085455,0.5621857284193649,0.5331920495992937,3.2945464805107516,True
2,1,466.7894085869529,0.5582045829030269,0.5386704860135676,3.321320007565722,True
2,1,483.5255793156439,0.5563940523226427,0.535283905703054,3.4309497077866244,True
2,1,500.4563946606554,0.5500889768473275,0.5315961982219501,3.3599030459808867,True
2,1,516.7773365148113,0.5727271534777977,0.5464882633228569,3.4332509107594436,True
2,1,533.2600271849168,0.5723858317827221,0.5373544579937344,3.427743684206393,True
2,1,549.8134723620093,0.5806255415589672,0.5332384385975405,,True
2,1,566.8169795074008,0.5843722887233092,0.5232947532243936,3.4210138330597797,True
2,1,583.1062188514944,0.5713322684181159,0.5296035118540929,3.365026289700973,True
2,1,600.0687486806476,0.5683550706644086,0.5242751221030502,3.358190090201443,True
2,1,616.5323834147158,0.5965371786806335,0.5284141088420318,3.389673954089456,True
2,1,633.3196915415841,0.5684206444377781,0.5280655877847867,3.3936407377500597,True
2,1,649.8191013721429,0.5595402659670403,0.5202384981821611,3.489208161655643,True
2,1,666.3986960223282,0.5963475143834647,0.5129544679528866,3.4656691320615556,True
2,1,683.3175630400734,0.5718773031360614,0.505769480544054,3.3911818246483865,True
2,1,699.8642231466231,0.5748029446871471,0.5365006461891422,3.3226955115821974,True
2,1,716.889865838102,0.5737068754204376,0.5183017119112078,3.4337533777552225,True
2,1,733.919772036523,0.5741713798908057,0.507603238030879,3.4088570789501973,True
2,1,749.9908494025216,0.5856767936603956,0.5075161194412422,3.3418328657424645,True
2,1,767.1532065874474,0.5724347858059833,0.49808335810280946,3.406729604956643,True
2,1,783.0248426541168,0.584540464479542,0.5119822083524082,3.3887723473536635,True
2,1,800.1284391730157,0.5976445585571746,0.5123598654199434,,True
2,1,816.875822693704,0.5857241019547216,0.5153304889904531,3.393241904233733,True
2,1,833.260212100358,0.5797652450834387,0.5051310757555422,3.357721199581851,True
2,1,850.0703240924702,0.5845028978863098,0.5085663802094756,3.3204507220292543,True
2,1,866.7948505636408,0.5817283633586179,0.504435403874352,3.374098417653876,True
2,1,882.9765094574545,0.5735772169724536,0.4913014714803246,3.39165113781669,True
2,1,900.3586826765115,0.5836567044968742,0.4909418259804348,,True
2,1,916.691854822659,0.5693048677397495,0.5141546522892751,3.4165413876681376,True
2,1,933.5911503968925,0.5637863059321626,0.517265772978773,3.4485206133093973,True
2,1,949.9093895450544,0.5755761718675831,0.4841074130032241,3.4655590682593167,True
2,1,966.5630065285519,0.5838330610613554,0.4966355075502408,3.430288532488265,True
2,1,983.2905589467064,0.5608221000609945,0.49058157465208946,3.393924295353415,True
2,1,999.7731830083695,0.6002262417465027,0.504851402381276,3.4295212765860996,True
2,1,1016.7513969217138,0.5686123160321945,0.4883791218629302,3.4212546630306644,True
2,1,1033.2098261513172,0.5726619521242311,0.47741690651864777,3.476373964253062,True
2,1,1050.1683504371122,0.5607786511703606,0.4924887753877314,3.4400480410033705,True
2,1,1066.8812033709326,0.5613736905015397,0.46230669159517196,3.403213013372949,True
2,1,1083.2365951083436,0.5542065696590998,0.46127968913469464,3.3514836461618525,True
2,1,1100.110648867796,0.5723748613510634,0.4875543783454889,3.4590931739736956,True
2,1,1116.5651398914802,0.5852006957287751,0.47063704164421843,3.4646438609901478,True
2,1,1133.5087318048677,0.5482225950858413,0.473157180142815,3.391310625689481,True
2,1,1150.494620976419,0.5606003372061885,0.48024948261072276,3.427063557366383,True
2,1,1166.6830416313142,0.5706523170310582,0.47883112924729,3.46466206427194,True
2,1,1183.2576603647835,0.5522643026870518,0.45938902670431714,3.4719702683822873,True
2,1,1200.0572469340655,0.5594253943777191,0.4732675532876159,3.410883971529383,True
2,1,1216.5688708682765,0.5504775768154717,0.4598049608429001,3.415704407725445,True
2,1,1233.6340556368398,0.5489373424519526,0.4788364023826987,3.3877292184197954,True
2,1,1249.9068622411755,0.551740878303293,0.4676547376566016,3.4412991105652195,True
2,1,1266.6860982960532,0.5557311971398488,0.4749250603804581,,True
2,1,1283.0563096386172,0.5417449475398992,0.47571823820095227,3.50386785634549,True
2,1,1299.8475144544307,0.5498695590687176,0.46087183640108514,3.4990325400455573,True
2,1,1316.6189142635687,0.553494057616334,0.46192287065535087,3.4038908969531296,True
2,1,1333.1380078567138,0.5432909415520553,0.4661632086047148,3.453669701645663,True
2,1,1350.007190736805,0.5188325757139313,0.45593200843579107,3.4434850031180892,True
2,1,1366.6949336635296,0.5417750956041804,0.4564825248192241,3.3982975873657324,True
2,1,1383.136085162922,0.5333398866600928,0.4482557944461907,3.4466799178103487,True
2,1,1400.0027693130273,0.5311343225318467,0.4554527678612439,3.471354130903059,True
2,1,1417.197393164325,,,3.417776478977929,False
2,1,1433.0093419012978,0.5373911607671348,0.4536740986628386,3.4788189935832508,True
2,1,1449.9278230105947,0.5170178476702759,0.4502521233166586,3.4890141239468533,True
2,1,1466.55708111417,0.5077334315698988,0.43730909821022607,3.444731165263621,True
2,1,1483.2949673640562,0.5261797638710212,0.4397680942154439,3.4748233958230865,True
2,1,1500.0265617824728,0.5179813306792774,0.4644640471538521,3.4363940811664664,True
2,1,1516.4330320657764,0.5150692634734891,0.4456569811006318,3.397033488148273,True
2,1,1533.1407645447312,0.4956054387343848,0.4552386132373499,3.45565145881241,True
2,1,1550.2595248259797,0.4969181839112503,0.4558890943422109,3.454670034867391,True
2,1,1566.8189249581337,0.5016822718658768,0.4620928299044831,3.382686236380541,True
2,1,1583.5552024653316,0.4935853593387703,0.4410822540007862,3.479465182288563,True
2,1,1600.0586336871288,0.4987762814653959,0.4423526643702308,3.4937980484842224,True
2,1,1616.9965614799328,0.4788872585651199,0.4377912609794697,3.374118491461034,True
2,1,1633.7086607000347,0.48708272338362385,0.4356252454607284,3.4513085652581137,True
2,1,1650.0555009136567,0.4856926529202289,0.4452170735193387,3.4639036274832558,True
2,1,1666.7638303425442,0.4724129789208985,0.4360306387342265,3.4365027077926644,True
2,1,1683.0932702679631,0.49146148973556875,0.451520393659406,3.4159864441323173,True
2,1,1699.4873727346012,0.49501045076163913,0.4564185913588692,3.4152075081325446,True
2,1,1716.7592215369812,0.46968099486484266,0.4377093136340174,3.374821821398273,True
2,1,1733.2197741484115,0.4735325693330386,0.4410762036331131,3.4716718192815894,True
2,1,1750.1321331771526,0.4521953495086073,0.44546966737709454,3.461437265157198,True
2,1,1766.4610643617946,0.4674218395645526,0.4445522281573691,3.4070045974371435,True
2,1,1784.0220561101576,0.4745961607518668,0.43248082525980674,3.4276749977305108,True
2,1,1800.0020651153914,,,3.394279939959966,False
2,1,1816.5282276466676,0.4431855606223462,0.45063252350092503,3.500510257141801,True
2,1,1833.3523147952035,0.4556911461588727,0.4502047659611667,3.4077899683301633,True
2,1,1849.8098268109609,0.4549977086392188,0.43578369784774784,3.517444929530116,True
2,1,1866.7928083621402,0.4556858890142045,0.42470900309402443,3.41401516227893,True
2,1,1883.2064897638077,0.43434750067744454,0.4467781838052376,3.373933694387913,True
2,1,1899.895822741262,0.4428521172086811,0.4445874965048168,3.4352396079400025,True
2,1,1916.4898187615952,0.44304793946055065,0.4463071871266703,3.41679212197906,True
2,1,1933.3957784897102,0.4541031926332439,0.4345581207256709,3.393099116023243,True
2,1,1949.8119157358608,0.43419853074239273,0.43901903333282466,3.426357912886441,True
2,1,1966.712925007122,0.41502329975866475,0.455353594584268,3.4304973667922023,True
2,1,1983.3924327904406,0.4331596306531978,0.4523026380668483,3.418587449120968,True
2,1,1999.77442035274,0.42843798227041235,0.44517965983609187,3.3934415887822937,True
2,1,2016.808725529447,0.44240960230251497,0.4483786669464367,3.4911527668257105,True
2,1,2033.310260952217,0.4432398648450602,0.445822034698999,3.4026034250565083,True
2,1,2050.068489131156,0.4344911146977331,0.4410543225422012,3.447426955934218,True
2,1,2066.4416354307214,0.4170776000179989,0.4464970749898551,3.446480588919689,True
2,1,2083.162132939277,0.4117542042768444,0.45278497461845346,3.392715402561596,True
2,1,2100.0344062179806,0.418218144971792,0.4408820795089894,3.4500549668868405,True
2,1,2116.4304678291332,0.4306456974250112,0.4422734762434766,3.403566161475195,True
2,1,2133.1015655580713,0.43448960062841435,0.4427848579707272,3.4377794259380314,True
2,1,2150.05947710194,0.4365498832660368,0.45452049937289213,,True
2,1,2166.7281895066108,0.4173968045056252,0.4534577058148418,3.381788135126703,True
2,1,2183.302658327973,0.4213984784329522,0.4425742508781904,3.4143088922332843,True
2,1,2200.0068099348027,0.4170671442338707,0.45773752353489944,3.444126130276818,True
2,1,2216.276186554967,0.4152516623876213,0.46297709477588367,,True
2,1,2233.1847392020168,0.4094092762318392,0.4647666130354374,3.443433685630252,True
2,1,2250.1179889734767,0.4373136303087705,0.4607273343208666,3.4731256036414235,True
2,1,2266.5987187074793,0.40535919983152746,0.44461277540952276,3.380966763171923,True
2,1,2283.0986807737913,0.429429390531626,0.44556421890349124,3.4060173032896612,True
2,1,2299.873735112625,0.42394277074459985,0.44581581030412015,3.4823047355671255,True
2,1,2316.5129885127176,0.4374687304614486,0.462224531801191,3.3823484772727395,True
2,1,2333.2275777135137,0.42607238938254866,0.4510386249945567,3.4349872598150206,True
2,1,2349.767800037216,0.4193900008061984,0.43951199946972735,3.3603102846914576,True
2,1,2366.7204647642006,0.43535616374127706,0.4743903203363396,3.376766673749718,True
2,1,2383.0807105581343,0.417120931014658,0.45383570217304636,3.3770281359080436,True
2,1,2400.094233748248,0.4268666980400992,0.46148118947642414,3.356889192307747,True
2,1,2416.628277162998,0.4364520016607909,0.47289228703038494,3.3775339700283764,True
2,1,2433.133850739743,0.43574098284633395,0.4803135281509293,3.4018979894248313,True
2,1,2450.863617092901,0.40861236067224843,0.4628526820598937,3.442197218108787,True
2,1,2466.844357053466,0.4402165408609604,0.46470377327173545,3.4196556380896737,True
2,1,2483.052125045292,0.4366805639534385,0.4508931357659738,3.3557606988575137,True
2,1,2500.1176775876907,,,3.4454732752809885,False
2,1,2516.7386712959365,0.42922782299088813,0.4640787750833301,3.3473831988051974,True
2,1,2533.169189796052,0.41702805890322175,0.4726054820400956,3.3997429037703415,True
2,1,2549.8459810442027,0.42428940012049904,0.4732706580538391,3.4723787222552733,True
2,1,2566.5398373049425,0.4175087246625506,0.48187915876506265,3.3590676237436057,True
2,1,2582.9147189285395,,,3.3296183486110458,False
2,1,2600.126292937861,0.4293624708793,0.4714563798496869,3.4125002896040617,True
2,1,2616.467120770236,0.4277069636960148,0.4867000400158358,3.3712793621161747,True
2,1,2633.339919524877,0.4470790655759834,0.4859079916768228,3.357182272060884,True
2,1,2649.7977762433948,0.42787651910097213,0.49549627817290104,3.354227538422572,True
2,1,2666.5395975795614,0.4267253859110072,0.4801650008930321,3.4277554133616337,True
2,1,2683.652401332058,0.44337704274548134,0.48783917009668537,3.2745730710949044,True
2,1,2700.0596130491795,0.4350884085757332,0.5011230591495883,3.3552034134559774,True
2,1,2716.350054220889,0.4293711223858565,0.4701832411897108,3.302470883514318,True
2,1,2733.3126921079715,0.43459754227262015,0.5036767511574485,3.434388468888193,True
2,1,2750.2303632732173,0.4586026338619281,0.49739971680623246,3.4102472557308023,True
2,1,2766.6550470304137,0.4554598539014518,0.5154236530809972,3.3295262514640815,True
2,1,2783.0809646167418,0.44022430567836185,0.5014820940703296,,True
2,1,2799.762400567579,0.45197405048437445,0.4910138747551788,3.370764536049516,True
2,1,2816.2776379056068,0.4392745498796819,0.5139445945707187,3.355880181928297,True
2,1,2832.9809551666976,0.45354006787424517,0.5013007708467387,3.3664914144109965,True
2,1,2850.001600707289,0.4458328431751921,0.5112519947056171,3.364127045542066,True
2,1,2866.637684811997,0.4679185999316592,0.5358907597791052,3.3951316600011996,True
2,1,2883.4008694252616,0.45991842306798736,0.506888307121857,3.3691124567698583,True
2,1,2900.185930722002,0.44696042126379626,0.5291610062679069,3.3464162846053647,True
2,1,2916.676620498543,0.4599139695342708,0.5126929065307868,3.3137152359513795,True
2,1,2933.2852103016307,0.47122092682403194,0.5202063739717512,3.330145942739348,True
2,1,2950.2389984618285,0.4649978654708349,0.5242304360136775,3.3302789698988278,True
2,1,2966.4277021741414,0.4684312286218239,0.5197151677866882,3.3511014066524005,True
2,1,2982.729321344746,0.43805973981722723,0.5454954762142888,3.3409212984234986,True
2,1,3000.4068558483723,0.4591948902427015,0.5254036925517094,3.326188469584709,True
2,1,3016.7384238999566,0.49456053598500166,0.5168078991343975,,True
2,1,3033.151558051882,0.4693690039654048,0.5377732678597517,3.3042714168708107,True
2,1,3050.3249392437588,0.4761083907891093,0.5478224875296501,3.360402180819342,True
2,1,3067.1941657959496,0.48448176742158305,0.5250003506418792,3.3152117741136844,True
2,1,3083.603820310313,0.4848888076991048,0.530900938601272,3.2557105610729997,True
2,1,3100.4497759147453,0.5012000206130246,0.5245046683164591,3.3024958668475897,True
2,1,3116.2045359244125,0.484606059702776,0.5242059537133994,3.373815585348193,True
2,1,3133.114853503984,0.4959891185115971,0.5308393916393772,3.2837541144831737,True
2,1,3149.818393251681,0.4997757709901021,0.5345978686581079,3.3305267877213103,True
2,1,3166.8569971366505,0.5127162754843868,0.5351402478906363,3.281636884577989,True
2,1,3183.5340432924677,0.5223601714146311,0.554266320191506,3.2827192562908625,True
2,1,3199.9468550065844,0.49339604710771384,0.5449455237527066,3.3610862779819826,True
2,1,3216.437893710157,0.5223644494425559,0.5502105824628466,3.3265944151155034,True
2,1,3233.141107891804,0.502969553838975,0.5476336957706492,3.31691477886363,True
2,1,3249.620013645113,0.5134549687410621,0.5531082425050933,3.261890365652608,True
2,1,3266.6578276763257,0.5442434218779635,0.5388704279263762,3.2424613346523183,True
2,1,3283.358594154488,0.5225338985019965,0.5631563903232977,3.2847668482977546,True
2,1,3299.8634141904145,0.5130624108133025,0.5580878996280967,3.2775803571453723,True
2,1,3316.2399759547516,0.5292337871528804,0.5379346073418849,3.2724627800817685,True
2,1,3333.28513283748,0.5289665690359654,0.5566768846740953,3.292124947627875,True
2,1,3349.35511035712,0.5500400318101341,0.5538161645065091,3.281185231387832,True
2,1,3366.7238182188016,0.545233479289635,0.5521196221134604,3.3510180810214685,True
2,1,3383.574065714015,0.5164800749346282,0.5479734876966047,3.3222269482073448,True
2,1,3400.47763620432,0.51616237864772,0.5695429843584673,3.2518900351003515,True
2,1,3416.6957440669476,0.5459321303284904,0.5611602486409832,3.2684582577106918,True
2,1,3433.130858176755,0.5375590261333293,0.5624297158593562,3.2218808411653947,True
2,1,3450.0282938085547,0.5427128030221483,0.5759635090950296,3.2805723258853448,True
2,1,3466.4971121158833,0.5475532272598486,0.5669326078360253,3.2360626345261334,True
2,1,3483.393052094838,0.5478476994335719,0.5486420592017843,3.282227218085933,True
2,1,3499.930282501832,0.5566864849802955,0.553321460609177,,True
2,1,3516.5975806328197,0.570604338209827,0.5711095931415154,3.2010292795019466,True
2,1,3533.2467364966133,0.5508419694618483,0.5564383078934928,,True
2,1,3549.8889241018123,0.5661059570807481,0.561885353626445,3.2089229807080804,True
2,1,3566.565144300801,0.5620112173799655,0.5572314593327501,3.2686963777648246,True
2,1,3583.392282309351,0.5626666185052573,0.5624783403372019,3.21200729189647,True
2,1,3600.226316450116,0.5744568928951327,0.561883046154204,3.1915640750484062,True
2,1,3616.3661451555363,0.584720453718309,0.5673918739328369,3.2071437210400027,True
2,1,3633.3388252558257,0.5757266665257194,0.5594549474595237,3.1904768413549904,True
2,1,3650.301275284551,0.5755395302477754,0.551918107383596,3.2683573286150946,True
2,1,3667.125148077798,0.5505156130197684,0.5522440365447581,3.19083842049966,True
2,1,3683.48128594526,0.5723179436552119,0.5670489713943766,3.226870740286184,True
2,1,3700.3323999227878,0.5762715043055818,0.5625049183223663,3.162349989057196,True
2,1,3717.0399565003504,0.5778082341543109,0.5438940551009819,3.2047831492586916,True
2,1,3733.496635779503,0.5770379683718077,0.5276969446273989,3.272567969135448,True
2,1,3749.7496824442187,0.5872034815257722,0.5634373453620787,3.1862824538716428,True
2,1,3766.8764967765233,0.5903807428229485,0.5420472727842947,,True
2,1,3782.9893909553534,0.5865635287376761,0.5463410116556678,3.1815871927115347,True
2,1,3800.1972208243133,0.5906861637116155,0.5563738048813286,3.321030635871404,True
2,1,3816.322205062299,0.5858542050057138,0.5649085669940995,3.1643657485146552,True
2,1,3833.6000241475554,0.5726332409054954,0.5677372975635699,3.227302033605547,True
2,1,3849.9481033070133,0.5649366409729488,0.5348287551037512,3.2069808581172956,True
2,1,3866.9588307016516,0.5824252632349801,0.582604245774122,3.2243847967407007,True
2,1,3883.330675304059,0.5938733578396163,0.5603505921166091,3.2003255062246794,True
2,1,3899.887227541593,0.5973311400888175,0.5465954748217838,3.184590461266157,True
2,1,3916.8529047120737,0.5784468024287193,0.5535386318653935,3.166679972643757,True
2,1,3933.38517911938,0.582685534563386,0.5395212554263409,3.1899823213826264,True
2,1,3950.029944471739,0.5798843512597666,0.5636026022038396,3.2324385703228344,True
2,1,3966.7754273484024,0.5942022585993694,0.573949814154787,3.202272895562922,True
2,1,3983.0932673849525,0.5941976941209697,0.5386127858093777,3.2454026503001216,True
2,1,4000.237344088079,0.5704490986059567,0.5448062544224144,3.2399342354075995,True
2,1,4016.762955033917,0.5694637379059405,0.5449838167045027,3.165972156673637,True
2,1,4033.242513907713,0.589235307112548,0.5527423125199017,3.1239656073924205,True
2,1,4049.757051814814,0.5747120143962401,0.558850502440002,,True
2,1,4066.8035912592104,0.6063900551651199,0.5360703098682494,3.1621346226991007,True
2,1,4083.1770069826357,0.5696631737097894,0.5345121883322789,3.199173627554376,True
2,1,4100.300190604633,0.5733537617184967,0.5405155500790949,3.1378627092057494,True
2,1,4116.553156833257,0.5614415914297386,0.5605362361697656,3.109473136544388,True
2,1,4132.710425283917,,,3.165785117499268,False
2,1,4149.904019874511,0.569747558653294,0.5344946605573244,3.073380690852961,True
2,1,4166.670156797098,0.558742114969972,0.5483725585560942,3.196935800571519,True
2,1,4183.342403923389,0.596556322780686,0.5450797148237744,3.185060455815939,True
2,1,4199.811403131746,0.5609737291487306,0.527225985300405,3.2167516465286217,True
2,1,4216.350303378079,0.5729986152014201,0.5451342031957292,3.180982290300677,True
2,1,4233.270737083607,0.5594464176151982,0.5409916939528291,3.1937425346194583,True
2,1,4249.824180141558,0.5325157726060037,0.5283408393274887,3.1864638686660256,True
2,1,4266.5791439216055,0.5490616358529181,0.5348152845125497,3.159968040736393,True
2,1,4283.002428676991,0.5495651507292838,0.5387123137485177,3.2048245907258783,True
2,1,4300.585644196382,0.5498034402901789,0.5375421928244069,3.1144639988023997,True
2,1,4316.542466759925,0.5561545518967774,0.5338203119431545,3.1775699040663716,True
2,1,4333.199269977221,0.5424430175954787,0.5328692841029106,3.205394397109799,True
2,1,4350.244582543027,0.579035829163321,0.5151536278601131,3.1418753362828125,True
2,1,4366.669118729335,0.549213424407864,0.5434030077831793,3.217317944897049,True
2,1,4383.418044096631,0.5409877507613307,0.5257720619108867,3.1680210712957355,True
2,1,4400.086101064285,0.5483557630262683,0.520666969828053,3.1327161122718654,True
2,1,4416.845898274116,0.5467096522778045,0.5192575282941221,3.172099051422437,True
2,1,4433.469912070889,0.5625893409316124,0.5218147052370676,3.151796637072209,True
2,1,4450.19972962435,,,3.174565452607508,False
2,1,4466.785609060434,0.5366432472858174,0.5123494869311597,3.1033659288596294,True
2,1,4483.568214264473,0.5434330245621294,0.505955087074851,3.2521325296916315,True
2,1,4500.195714851695,0.5445168323834951,0.5065169546618589,3.1526106045164366,True
2,1,4516.4678992264835,0.5338837191297358,0.5236658974066358,3.1996153204549236,True
2,1,4533.177487525505,0.509903963770121,0.5043357809073695,3.2223244758212592,True
2,1,4549.637707486236,0.5177779442014452,0.49961563762045913,3.15140607947429,True
2,1,4566.843194299504,0.512127714075484,0.5036830577459257,3.068883166445464,True
2,1,4583.058893516857,0.5241211101321964,0.493163647711656,3.168423378613889,True
2,1,4600.179746737153,0.5324873527613131,0.5010304587281081,3.1323441771508933,True
2,1,4616.98583234545,0.5358994939950885,0.5118853241822489,3.1680754066008823,True
2,1,4633.60007756624,0.5085253944431349,0.49478876721586484,3.2405680849495213,True
2,1,4650.067468578109,0.5110065897069782,0.5117007791662341,3.090116803908671,True
2,1,4666.82036064123,0.508350064636058,0.4830648873648589,3.148234236268252,True
2,1,4683.562560526239,0.505162471397736,0.49907825468772243,3.170294736317284,True
2,1,4699.749597666574,0.49402031647639794,0.4967619838412907,3.2341517729009515,True
2,1,4716.447478249687,0.4895008194932496,0.5117389804375073,3.164546357793326,True
2,1,4733.469035380331,0.49474656641042847,0.4869364185821701,3.112151046319302,True
2,1,4750.00501620905,0.48365361702926807,0.47157855882141375,3.1262031104118106,True
2,1,4766.8101667800875,0.5011615173598759,0.4749779959966371,3.1630931038797816,True
2,1,4783.247781956361,0.48320258068912186,0.47400842132467297,3.156275166355196,True
2,1,4800.499463831307,0.46395613156962995,0.45828344233689505,,True
2,1,4816.783142438104,0.5076602428406664,0.44545284430532517,3.150018084781811,True
2,1,4833.004033152309,0.47988742155053793,0.47504932332367206,3.1913861359146,True
2,1,4850.0890985912765,0.4938511101512831,0.4775504107221618,3.2449084144984313,True
2,1,4866.644106695715,0.469802452502015,0.4654810149342474,3.174304033655551,True
2,1,4883.270785378039,0.47081249614660714,0.46607185486330743,3.1933002173445844,True
2,1,4900.266205415451,0.4717753597571773,0.4648759370636276,3.1155150543997525,True
2,1,4916.933730758156,0.4706056345281293,0.47154805888931856,3.1509747889014297,True
2,1,4933.076796672338,0.45727239157456545,0.4710208334446505,3.1935119487907544,True
2,1,4950.271696105744,0.4676636868656208,0.4637712952884672,3.206204806599361,True
2,1,4966.291833722371,0.45176468296339123,0.470182602913508,3.0993152052307034,True
2,1,4983.349662494255,0.4612152579623193,0.46381689781190655,3.168321193494808,True
3,1,0.17269844193528933,0.513591636021513,0.547700067421372,3.3548552561272853,True
3,1,16.4318388895302,0.5092955682774137,0.5543068979168199,3.31427149543432,True
3,1,33.40671748348547,0.5169577632198757,0.5723666394053608,,True
3,1,50.002212434427534,0.5146620676330423,0.5463687804735231,3.2974747205151878,True
3,1,66.69368811207772,0.5179388284323743,0.5692790796261298,3.3494281299966153,True
3,1,83.90698691448883,0.5256008232375514,0.5621548632816867,3.3132433629733975,True
3,1,100.37857364859849,0.5201103201686277,0.549693481860721,3.2932829243089357,True
3,1,116.69931352552535,0.5073460222282359,0.581660084624097,3.3327642551064915,True
3,1,133.0778506107416,0.5173345814010334,0.570605244317838,3.341921029360677,True
3,1,149.84234329643706,0.5289501746164886,0.56494877315043,3.360996290138595,True
3,1,166.5113642889536,0.5230965318890621,0.5536792649858242,,True
3,1,183.35828767040005,0.5201134263783049,0.5724025216364849,3.301574175304083,True
3,1,200.02466474759837,0.5312759049265308,0.5578831504281754,3.3283067400321866,True
3,1,216.8726764527701,0.5346058355000953,0.5441410394538959,3.276564454055596,True
3,1,233.55695475790708,,,3.34625436781259,False
3,1,250.20921852236057,0.5335263888500819,0.5543599738609483,3.3120500233930326,True
3,1,266.8555560632122,0.5308557249723085,0.5684817702725918,,True
3,1,283.4071252535826,0.5467921320872161,0.5529443934321874,3.3983270323309434,True
3,1,300.26710329117367,0.5525337837324117,0.5545563256799575,3.380778544975062,True
3,1,316.29619795899066,0.5535110222179334,0.539878402291165,3.3779290737263516,True
3,1,333.13025226884315,0.5698843351144568,0.551058510617069,3.3411566245775544,True
3,1,350.0198059948064,0.5553537096640121,0.55055373275052,3.382195199437538,True
3,1,366.76193393402446,0.5505035615871783,0.553773949380166,3.381618322648079,True
3,1,383.2313057779425,0.5502117507562664,0.555709995488961,,True
3,1,400.4264086039918,0.56349089327158,0.5478637448434631,3.3920938814489894,True
3,1,416.4865180735078,0.5618190603878263,0.5674444525445124,3.376441048784826,True
3,1,433.28875093989063,,,3.366085415786875,False
3,1,450.15881348071366,0.5534946030170796,0.5523073127834113,3.4635484652103825,True
3,1,466.5541521685491,0.5605079882964972,0.5278693351345969,3.330901392388353,True
3,1,483.54301300939005,0.5634430340122327,0.5282300677214042,3.31929244011483,True
3,1,500.2091587022165,0.5566096419224426,0.5486418915724185,3.304372150610112,True
3,1,516.862610707668,0.5703757940704594,0.5359551030434719,3.371716261443566,True
3,1,533.4221518703569,0.5675498491874106,0.5344054256026313,3.380815980013128,True
3,1,550.3420227509897,0.5697531738449371,0.5232448025022428,3.3590547819729752,True
3,1,566.567195065382,0.5581760495540745,0.5393559383241754,3.394437341643373,True
3,1,583.5556312847208,0.5761553098556751,0.5385342153017135,3.3510680800232557,True
3,1,599.6678531931793,,,3.3758839039457205,False
3,1,616.7684463424414,0.5749693593666955,0.5272599497030875,3.37718939436723,True
3,1,633.5223788525532,,,3.4026204882481275,False
3,1,649.9709934101049,0.581577350648601,0.5085100151655838,3.4317172637944022,True
3,1,666.504264877473,0.5971090805396623,0.5294389569964779,3.4472551845955044,True
3,1,683.0895853780135,,,3.3773445003675304,False
3,1,699.6835287612882,0.5630382099021065,0.5112974596758979,3.310978594656863,True
3,1,716.6691826088789,0.5654004109140881,0.5191640619635352,3.371019713630549,True
3,1,733.4745274407717,0.5781117479067792,0.5241085995113337,3.3561045842104593,True
3,1,750.0487486025532,0.5865390244733005,0.5039793547707638,3.365787514779321,True
3,1,766.4115531430313,0.5774735395605795,0.514088585925342,3.4894026995428518,True
3,1,783.2862401721959,,,3.3721187176893026,False
3,1,799.5588495695364,0.5837419322967665,0.500733767653066,3.4373723906032523,True
3,1,816.9214249728414,0.5905915914125036,0.5102044045870147,3.419759055314579,True
3,1,833.7030281517531,0.5841440655398915,0.5134387835331651,3.3757944962604434,True
3,1,850.0385109116874,0.5635612347729525,0.509016518036931,3.3838056579591487,True
3,1,866.7807958646058,0.5919956990942788,0.5316063358580947,3.4599226428621126,True
3,1,883.6998020149737,0.5695411051789459,0.49874695359079585,3.445364273296459,True
3,1,899.7860750358445,0.5906746394139388,0.5063712217520323,3.364854453891453,True
3,1,916.9383294201103,0.5797921221655115,0.5068850925590405,3.4568257125744575,True
3,1,933.1774816206988,0.5797997726620601,0.5120792944225965,3.450912115953368,True
3,1,949.9813162081338,0.5681472041117204,0.49822755038845784,3.381874335271758,True
3,1,966.3400786112854,0.563594057422323,0.4839787158506795,3.4626306093460717,True
3,1,982.9036417158205,0.5696213815571902,0.49732780141791616,3.5088434439186837,True
3,1,999.9373795247054,0.5583255091391168,0.4955256217530892,3.4210629540452837,True
3,1,1016.8551246869736,,,3.412524553150554,False
3,1,1033.2874127464459,0.552323639521968,0.48762431022198893,3.435995074750474,True
3,1,1050.2753421619639,0.5786211699579562,0.4776907176270789,3.451229644098881,True
3,1,1066.8725650672136,0.5694464888348372,0.47765026146365286,3.517524985740011,True
3,1,1083.4953689674396,0.5623545650244982,0.48606614511673274,3.3958717854730818,True
3,1,1099.8639213536164,,,3.472360148729133,False
3,1,1116.5252066310777,0.5586665047316144,0.4694369844328865,3.48382557171089,True
3,1,1133.4355563147537,0.5561213213347956,0.48222864209579036,3.457756981823063,True
3,1,1149.6392862616412,0.5553066387846848,0.4841483554663363,3.431953116814572,True
3,1,1166.6454781010864,0.5611683534974782,0.4734056191800119,3.494742468777431,True
3,1,1183.2940930694685,0.5484996186086988,0.47627076311563105,3.4130304262350193,True
3,1,1200.0309221040557,0.5830320459849919,0.4664540006728676,3.3632830822879907,True
3,1,1216.828607620019,0.562619462495671,0.45050847760030444,3.385998862714769,True
3,1,1233.3608352733465,,,3.467199058490486,False
3,1,1250.0337968139172,0.5322407739977629,0.4757440978942918,3.4090063232093484,True
3,1,1266.9616452347764,,,3.446654174376456,False
3,1,1283.4733614525849,0.5254256090320423,0.46912517756510763,3.507435282156058,True
3,1,1300.2042654787485,,,3.413037867127166,False
3,1,1316.714081314564,0.5290421611538106,0.46299111270886445,3.430207558492291,True
3,1,1333.1541212917682,0.5501915829429785,0.4607792912924393,3.3961879442739287,True
3,1,1349.9870257089158,,,3.4174596012928458,False
3,1,1366.7386533846484,0.5281809044385116,0.4626532041844909,3.449091768568209,True
3,1,1383.0015432916289,,,3.4462895449218505,False
3,1,1400.1228948040296,,,3.4580616538868516,False
3,1,1416.8448763106041,0.5305997409163371,0.4479600099768418,3.464068037843184,True
3,1,1432.9890223694076,0.533118224358982,0.45507988509664793,3.443241355298523,True
3,1,1450.1128409761575,,,3.453767008867009,False
3,1,1466.5494583361658,0.5103105829803636,0.44777182006415783,3.4344783086459225,True
3,1,1482.8294304535,0.5190131511966062,0.45021660702556165,3.482613853242128,True
3,1,1499.8537275254766,0.5254241692434781,0.4410630250955837,,True
3,1,1516.5019598568115,0.5174909239511583,0.43572647730770764,3.417475799477356,True
3,1,1533.5722416610279,0.5232665412260129,0.46669227163572663,,True
3,1,1550.0409177035135,0.4949051864306928,0.453516711959494,3.396879257657225,True
3,1,1566.845411790738,,,3.475124457964711,False
3,1,1583.2778124133208,0.4913748350814834,0.4300366134605195,3.4123039921818705,True
3,1,1599.7252632302536,0.4895574892709881,0.46261134181095576,3.421030295737794,True
3,1,1616.3735842492633,0.4779877025969267,0.43549203810362225,3.4610701949907403,True
3,1,1633.3195838012057,0.49254470393127303,0.4364107546998642,3.5347642912157267,True
3,1,1649.8715304682112,0.48370604981062365,0.4288672896011573,3.4833715926324667,True
3,1,1666.899541680755,0.49001793408049515,0.439667501563244,3.45148443296747,True
3,1,1683.0102968924919,0.48820861086416306,0.4433183043611022,3.45206122988563,True
3,1,1700.3701797935705,0.48184808853656264,0.457632181418896,3.4587903309297863,True
3,1,1716.8739236408678,0.4615500620705144,0.45050026715778974,3.4996679595396514,True
3,1,1732.9548575625859,0.4880001733862162,0.44884131303743274,3.400883244620071,True
3,1,1749.8298422412297,0.47104473704844196,0.44618287569450643,,True
3,1,1766.8115823507878,0.47728804216432963,0.4435385287388807,3.4065015572615778,True
3,1,1782.9533173642512,0.46763254054573594,0.4356022487773348,3.5137415836931356,True
3,1,1799.9884298033453,0.4544126027456915,0.45568927541084925,3.5270414868704214,True
3,1,1816.8801084865236,0.4764630434841035,0.44298902478673025,3.5309618684873687,True
3,1,1833.7780103591585,0.4569447448936383,0.4441621718650285,3.382820971658573,True
3,1,1850.2492140957986,0.4616323300683014,0.44123582464153893,3.4029403357090056,True
3,1,1866.4649017755407,0.45877214253023646,0.42692340564538406,3.397566462194133,True
3,1,1883.3778235742254,0.4683695297726698,0.4382413184056697,3.473440078386053,True
3,1,1900.3008807352783,0.44289771219224305,0.4412298064983673,3.486141929286774,True
3,1,1916.7350808796455,0.44193537237093006,0.46284263506438067,3.4348124571168808,True
3,1,1933.2910375214115,0.43057556486224735,0.45484195954877277,3.4816649653224965,True
3,1,1949.4390126607127,0.45530567980791975,0.43211531248786383,3.513643878138598,True
3,1,1966.8612429422467,,,3.4718128949793217,False
3,1,1983.6589577914726,0.454376400467469,0.4529500908581268,3.4684441200297993,True
3,1,1999.8839168123263,0.4344321612584474,0.42999480906631043,3.40966100468516,True
3,1,2016.867900987775,0.4331386901686639,0.4474016066202347,3.433855945851812,True
3,1,2033.4848963998843,0.4343226991010994,0.4357011007737999,3.3887985610824662,True
3,1,2049.8803798123095,0.42893864719802793,0.4421517407806869,3.46396658809034,True
3,1,2066.8739894053215,0.4159897305897887,0.4574515869508853,3.4254275967211716,True
3,1,2083.6205462152234,0.43305628619652325,0.4347680740011164,3.435880570032996,True
3,1,2099.953660318251,0.4353418737488674,0.4615537063273583,3.4578651723067586,True
3,1,2116.7485571867933,0.4391918023447352,0.4436259286280005,3.429682566352085,True
3,1,2133.339574339232,0.44770377327442057,0.46092191003473837,3.3893521956705794,True
3,1,2150.346329689269,,,3.452498198208373,False
3,1,2166.7662740954975,0.41978487714360485,0.43453737579793916,3.344863655819349,True
3,1,2183.6484369436394,0.4342024953800904,0.46200837594790684,3.416410425587445,True
3,1,2199.841644663376,0.45037843591648336,0.4481628553924124,3.4329972131205744,True
3,1,2216.5992518048374,0.4240563433739207,0.45368915400392096,3.3799996011614146,True
3,1,2232.5393654337795,,,3.3558355042767656,False
3,1,2249.9715252810875,0.4203363445405095,0.4657813275970177,3.4805435211002194,True
3,1,2266.7244594089266,0.4257703989879759,0.45334153610238626,3.4560792545193486,True
3,1,2283.1428428229083,0.4200830695911327,0.4518767689164211,3.4392606180636287,True
3,1,2300.153977398253,0.42200772327476904,0.46483870210997735,3.341906467517956,True
3,1,2316.823343793058,0.41966499668288776,0.44515672685163865,3.401456463146084,True
3,1,2333.199214393533,0.4398116615938459,0.4449800913627076,3.434832062352291,True
3,1,2350.2863144338535,0.40323508184253815,0.4556733021755082,3.3757737971696695,True
3,1,2366.4807302715676,0.4262939375259643,0.47621155012821287,3.397018418660796,True
3,1,2383.370434035134,0.4132301092645523,0.45685695314895464,3.404772953007588,True
3,1,2399.7133330183124,0.4084492874638637,0.4625342209711171,3.434373528868886,True
3,1,2416.806963771473,,,3.422851403582738,False
3,1,2433.4180643498144,0.42315865282604265,0.4833971947799523,3.4297462323807726,True
3,1,2450.2707028185155,0.42288512572489967,0.45000295643623195,,True
3,1,2466.7143153906345,0.41254851656144276,0.48672204251348267,3.3817849205281214,True
3,1,2483.2602431704163,0.4215270619259896,0.46365549806227957,3.3567406298461626,True
3,1,2499.685763345023,0.4274471109580255,0.45793074186542515,3.370526526720138,True
3,1,2516.7683223242598,0.3989051293881015,0.45969389949657313,3.446470139991391,True
3,1,2533.288349751666,0.43675186191294657,0.47960592027447535,3.394621259160564,True
3,1,2550.2016631723614,0.4297684794178784,0.47669758987884564,3.371197688980506,True
3,1,2566.7703407690697,0.4379439038998773,0.4812555762499685,3.39054910378373,True
3,1,2583.4510249130676,0.4193493211413622,0.4772618745449533,3.3189996506489283,True
3,1,2599.9689905923883,0.44326031075236183,0.49465200205513243,3.2928344257864444,True
3,1,2616.938104920747,0.41761229106465075,0.49490322072685883,3.430080432809471,True
3,1,2633.4112005836073,0.4338440151795694,0.4956813682457961,3.3055794322751204,True
3,1,2650.019918858289,0.44425272941718474,0.49657865117154565,3.397388820379437,True
3,1,2666.543599382893,0.4175751213587283,0.49411235203084686,3.400194063547923,True
3,1,2683.2294733968124,0.4454393292975187,0.4908553274239491,3.3809501650668436,True
3,1,2700.110956011441,0.4624883475239492,0.487998246407666,3.3867120965262028,True
3,1,2716.6722646233,0.4213725678957922,0.48248317801326507,3.3769376365248247,True
3,1,2732.9990504071297,0.44649438749288767,0.4974329802670048,3.343374117719047,True
3,1,2749.835369279087,0.4470620644696026,0.48775128436396403,3.3321309797598295,True
3,1,2766.8165663513328,0.42206998928054945,0.4923844659001693,3.3495236869751595,True
3,1,2783.351998439274,0.44149488936304226,0.5010179557153935,3.369699354508829,True
3,1,2800.2253425911313,0.45591158066354853,0.4997717405370953,3.3440938870434334,True
3,1,2816.6281449559974,0.4742170882617014,0.48895947894748043,3.346642708902206,True
3,1,2833.05502077753,0.43979560672241175,0.5161293874429846,3.3568647792204076,True
3,1,2849.9799282776225,0.4610938746160776,0.5020131473065103,3.375147663876339,True
3,1,2866.6806230350326,0.45406569363627314,0.5216936475643963,3.38547312394439,True
3,1,2883.4611068516137,0.44898761244471197,0.5129254701954766,,True
3,1,2900.1395944428727,0.4705988298559396,0.5277225849283901,3.4117487532450594,True
3,1,2916.498794639494,0.4577470666373625,0.5272431041673877,3.397627797122814,True
3,1,2932.9072897803335,0.47640235760005967,0.512124510028094,3.326842332574802,True
3,1,2950.085088700057,0.47018081631542624,0.536985599942373,3.3427939057570013,True
3,1,2966.9648880486257,0.45903869289403987,0.51007189955181,3.2882393425896166,True
3,1,2983.285741679036,,,3.355280570038466,False
3,1,3000.171897644374,0.45843153638703615,0.5221911793402146,3.291791765760058,True
3,1,3016.2642368083357,0.4596052596287755,0.49700814052428033,3.3077187225327416,True
3,1,3033.2171564133664,,,3.34323406463227,False
3,1,3049.984761003535,0.4801587577280891,0.5247235801216772,3.3672044710081255,True
3,1,3066.56370453841,0.49132908791314617,0.524582129800164,3.3809933843758437,True
3,1,3083.1514934625393,0.48505438785281224,0.5322130148395444,3.2933826640432993,True
3,1,3099.9727745005493,0.4861678792792363,0.5275639114235326,,True
3,1,3117.1733691880263,0.503877852209765,0.5448390921742038,3.278570826262024,True
3,1,3132.7550427574647,0.5048167653549711,0.5431742737635494,3.3191826062597736,True
3,1,3150.266748690656,0.4955302486184202,0.5451929780723469,3.304446223368486,True
3,1,3166.510889046607,0.5143668706104946,0.5386319108169842,3.4073193631053718,True
3,1,3183.620920998893,0.5077566177374085,0.5417561645468547,3.3520111741180956,True
3,1,3200.163512759591,0.5133262904038197,0.5585176882885198,3.295980616531063,True
3,1,3216.5771968593863,0.5278397997380054,0.5253559737768045,3.2931033589926937,True
3,1,3234.1177400044508,0.5141845401348021,0.5316726942937111,3.220631205461903,True
3,1,3250.115917460009,0.5279621467067177,0.5595121780962152,3.286075774563189,True
3,1,3266.522300528764,0.5123589769002492,0.5431401717967074,3.309764552104945,True
3,1,3283.46663551787,0.5092779696785679,0.5433055250962909,3.266497238983541,True
3,1,3300.0733386315164,0.5273371542544494,0.5335132564679319,3.2558527925138567,True
3,1,3316.6442107704706,0.525212635273743,0.5625582780601877,3.3035987203411152,True
3,1,3333.429346364867,0.5494255251951184,0.5587710124029122,3.3316601327957236,True
3,1,3350.17282787431,0.5332412653179377,0.5497154451075114,3.192834703950106,True
3,1,3366.5464905386207,0.5382052040175535,0.5445472295986559,3.270376249810823,True
3,1,3383.068870842756,,,3.2634279120377365,False
3,1,3399.9467103488214,0.5326161410449289,0.5641132357864894,3.2937213973893464,True
3,1,3417.0323827823054,0.5410880578211273,0.5506338790269043,3.2469974751286284,True
3,1,3433.558714752576,0.5379593113614957,0.5364476459964,3.290811937560869,True
3,1,3449.9404417018827,0.5298502299999867,0.5566317197273591,3.190054309046823,True
3,1,3466.721813235288,0.5418829650154032,0.5637076583360092,3.1569775487167906,True
3,1,3483.5295355057056,0.542941141050131,0.5351610422527727,3.203842191379132,True
3,1,3499.6521530956643,0.5687887666614757,0.5542757444752417,3.2002363485759333,True
3,1,3516.665159638426,0.5470039039885647,0.5730308007644535,3.2261321738155218,True
3,1,3533.294037042292,0.5342036620316295,0.5325639305372488,3.2335249366326786,True
3,1,3550.0304224906486,0.5550246443213922,0.5466856584144846,3.2672435562479896,True
3,1,3566.875110844774,0.5629044419933239,0.5731251023629043,3.3217540866777884,True
3,1,3582.6111892026156,0.5800305570101001,0.5644329474405833,3.1419086904260083,True
3,1,3600.4265773980887,0.5654848434652034,0.5654679840424458,3.225831172350829,True
3,1,3616.6001130710197,0.5599877650468914,0.5494648041439184,3.268940562348944,True
3,1,3633.4871009156054,0.5458402906523441,0.5549348750187422,3.2197248220767922,True
3,1,3649.9601816788304,0.5635066817908073,0.5701990233195859,3.2498837163891294,True
3,1,3666.9226770383552,0.5365348086406434,0.5675984185864176,3.195212381053107,True
3,1,3683.3707867499847,0.5563994571995863,0.548313272837467,3.158352593843252,True
3,1,3700.113356396788,0.5826875574233239,0.5733906366492796,3.222249783039479,True
3,1,3716.6744139780367,0.583972739137097,0.5584336585222551,,True
3,1,3733.2937105044653,,,3.2182847221220716,False
3,1,3750.251683379871,0.5601439149473816,0.576680340997555,3.1785685484137574,True
3,1,3766.478322325321,0.5611337300094398,0.5610809885353326,3.195573347048128,True
3,1,3783.1120166510414,0.5672540000475225,0.5399631977655199,3.221883528822418,True
3,1,3799.927959813655,,,3.1720534599711074,False
3,1,3816.5715548448634,0.5901067429460606,0.5695282800778882,3.187583648125534,True
3,1,3833.390281876199,0.5745232068650287,0.5616643277642871,3.1394965877183583,True
3,1,3849.690674743446,0.5756132628227786,0.5515810548127233,,True
3,1,3866.726630136998,0.5866532901232638,0.563972414348882,3.2986223987507053,True
3,1,3883.4017923667393,,,3.1909999637317665,False
3,1,3899.9466192834466,0.5873661600583653,0.5560619932811126,3.1167758048318985,True
3,1,3916.721728368699,0.568357452376184,0.5565229254238057,3.239757891069369,True
3,1,3933.172305511143,0.5733767140225647,0.5538499420865837,3.1592691643909396,True
3,1,3950.0274638730693,0.5852236076447604,0.5722998055830699,3.212117183419105,True
3,1,3966.0273218789057,0.5827563970608122,0.5441933972048963,3.1687478643084512,True
3,1,3983.503567114166,,,3.1435130486638676,False
3,1,4000.1311497063493,0.589317330758574,0.5548466728025221,3.1938304565835676,True
3,1,4016.7915413145024,0.5855177476269292,0.5354822627524185,3.14661650737513,True
3,1,4033.3263259498335,0.5661861602152785,0.5544086352058648,3.182642096430359,True
3,1,4049.79116277123,0.5926580131497473,0.5558043310989734,,True
3,1,4066.502776582782,0.5733106167768357,0.53903210362324,3.1827418658238567,True
3,1,4083.4850274965816,0.5662551770986047,0.5369317982476915,3.182010622523527,True
3,1,4100.065548006584,0.5814935299588119,0.5418571620350805,3.247266803339643,True
3,1,4116.158180617024,0.5758918698613241,0.56193468695482,3.2236904073545176,True
3,1,4133.051674925175,0.5762363836334408,0.5405125574634232,,True
3,1,4150.282990814931,0.5788231327481709,0.5633283007884976,3.2107839740295403,True
3,1,4166.8392816469,0.5698551291734321,0.537269761352304,,True
3,1,4183.116910865472,0.5815584296782589,0.5364822026776169,3.1957147158297032,True
3,1,4200.068111958312,0.5685321891735401,0.5308495719972137,3.203063093322964,True
3,1,4216.550712641062,0.5634453027143222,0.5458311459808569,3.1868610511471434,True
3,1,4233.45353386357,0.5794965690603225,0.5345427993925601,3.139860321195722,True
3,1,4250.031802537253,0.5591607482556237,0.5273015512525827,3.2043095642889763,True
3,1,4266.64554159513,0.5499546224310647,0.5203683387951311,3.1566832234694067,True
3,1,4282.98330903044,0.5564728187656953,0.5189132263819244,3.173057049661741,True
3,1,4299.823168290498,0.5653819075744989,0.5171603152273822,3.1658897326955127,True
3,1,4316.33850166124,0.5732898084598251,0.536412247978093,3.1829987249710423,True
3,1,4333.589033110279,0.5591949721414435,0.5318863771375352,3.182407799986434,True
3,1,4350.696849771239,0.5432298632329711,0.5042101099524628,3.151114345645305,True
3,1,4366.891132139095,0.5498011679420711,0.5199912037682102,3.1547412428292114,True
3,1,4383.495419383046,,,3.1538844319097024,False
3,1,4400.152730904542,0.5601530282749149,0.5267459266488738,3.1701661788185596,True
3,1,4415.866668462985,0.547580359724819,0.5082322122332442,3.1830231903901023,True
3,1,4433.061640764033,0.5532273419294996,0.5131287568496246,3.1391605642585323,True
3,1,4449.8387732336305,0.5311494003224775,0.49784414992771925,,True
3,1,4466.839807307472,0.5393143186645278,0.5051585859041282,3.187874160892227,True
3,1,4483.091324753573,0.5316149003843454,0.5006012203893466,3.1722492026373796,True
3,1,4500.521561891432,0.5442705490748576,0.5163105305323903,3.1128669046502506,True
3,1,4516.401634777564,0.5208838093056963,0.5121573803341215,3.195801636032738,True
3,1,4533.4167226790505,0.5222798185130914,0.5246079671842552,3.1164844391331976,True
3,1,4549.888717629563,0.5208306645669648,0.5022306871425861,3.176841008412164,True
3,1,4566.030143181662,0.5172240326476616,0.5104884395320813,3.2146964019334963,True
3,1,4583.369493301704,0.5274990176275363,0.5010699218122693,3.1215142047769784,True
3,1,4600.021544293417,,,3.2004290803059727,False
3,1,4616.541364445124,0.5361133155806531,0.4989203281894207,3.09502824519518,True
3,1,4632.872924690677,0.5064743994508345,0.4913932458826926,3.1589181909592514,True
3,1,4650.286627693197,0.5026234760022426,0.47907406530681124,3.1530870088023217,True
3,1,4666.730435327259,0.5035923937810969,0.49979525302519895,3.1391382620930757,True
3,1,4683.558236452847,,,3.158570770508269,False
3,1,4700.126395890548,0.5181420078071198,0.4906091496178666,3.096224285890672,True
3,1,4716.571144589441,,,3.1576744712187765,False
3,1,4733.668609837634,0.5151201900955045,0.48182865718351214,3.149664693538718,True
3,1,4750.143125070453,0.48869682088673894,0.4934487460359685,3.129834205511582,True
3,1,4766.790797934898,0.49795004797938913,0.4699877495558655,3.225429365554808,True
3,1,4783.176630054376,0.4814189137423012,0.483996518819469,3.1378823028605503,True
3,1,4800.487992703157,,,3.1388776848847386,False
3,1,4816.836134080732,0.47522104808547316,0.4783082345251528,3.1219853139558666,True
3,1,4833.272554647592,0.49638509238030537,0.48405737961487766,3.143752998806232,True
3,1,4849.960118989556,0.4964505486756864,0.4571563703064785,3.1678172694863678,True
3,1,4866.695924979927,0.48456745357541886,0.4681289001236777,3.1023967095522,True
3,1,4883.661141717444,0.479765740518722,0.47327343738003735,3.1670583960034,True
3,1,4899.545491193191,0.48536040972464267,0.4642928761840589,3.148831474113014,True
3,1,4916.933673186238,0.48435130629071604,0.47451770643109276,3.190087439301012,True
3,1,4933.208004853168,0.4549347276084645,0.47627294180724755,3.2400758210771383,True
3,1,4950.380797280741,,,3.145822513514333,False
3,1,4966.815928258769,0.4465257643034617,0.4533636131241179,3.1917672292045163,True
3,1,4983.205339896875,0.4549799988932374,0.47841646714527164,3.181606792175705,True
4,1,0.12106667470665529,0.5187165558197957,0.5681114435671243,3.2578679069274123,True
4,1,16.488897443484923,0.508613908580206,0.5512797316403906,3.2948189183719454,True
4,1,33.16117554912503,0.5155724638144258,0.5476493930804595,3.34262154300106,True
4,1,50.30157811949592,0.5019262450456752,0.5766854676739258,3.2521760498606787,True
4,1,66.4233764632568,0.5314324917922167,0.5545127267832821,3.3002303453870696,True
4,1,83.39833679451489,0.5252348866330707,0.5427523117863722,3.317606469604271,True
4,1,99.85345789008093,0.5134912921327714,0.5636110947264852,3.299156445649578,True
4,1,116.70773766813355,0.5227958671614362,0.5684645987300811,3.284767776471646,True
4,1,133.1149597266076,0.5134833057192606,0.543756539173115,3.3290566769312173,True
4,1,149.96502492658635,0.5276173408964683,0.5617638195517457,3.310653814786582,True
4,1,166.27726943808136,0.5284590779328613,0.5610049214496511,3.281753957247944,True
4,1,183.35980674457758,0.5281659555660099,0.5630031813395848,3.4240793048162197,True
4,1,199.96419041698718,0.5297964021196113,0.5511779087919424,3.3314048636820215,True
4,1,216.66095941349224,0.5396162110978892,0.5447937482329842,3.265093399583263,True
4,1,233.62215364786246,0.5449052038442157,0.5471153259630152,3.3359796297025253,True
4,1,249.83537977849292,0.5330049179380258,0.5534481675921299,,True
4,1,266.37580129143515,0.5554878013653103,0.5325137469125084,3.2939635813888377,True
4,1,283.69039294853206,0.5193033681390065,0.5526220979712142,3.419796567638129,True
4,1,299.7791494380919,0.5349741933399643,0.544218025195589,,True
4,1,316.43436770921494,0.5512853344645503,0.5524598543375779,3.359961024215568,True
4,1,333.2467812333519,0.5404412544789886,0.5500988235039965,3.308786997500226,True
4,1,349.6333861992432,0.5491895228491303,0.5393070187748087,3.39020575902545,True
4,1,366.5960774856652,0.5501555334998565,0.5584131253632217,3.3534380735610965,True
4,1,382.6338454664167,0.5483896823824912,0.5636929114879823,,True
4,1,399.8789078598999,0.5736786503010498,0.5411890102839634,3.367913705254939,True
4,1,416.32233948464705,0.5728276155028459,0.5466039964106042,3.3429574381009703,True
4,1,433.42572266454687,0.5711662161425993,0.5419615071511149,3.334933586895169,True
4,1,449.65698798248405,0.5579723266581273,0.5252070920877924,3.3735780269302817,True
4,1,467.0085891740254,0.5612186715286165,0.5390425727419963,3.36178031605744,True
4,1,483.4553643215106,0.5644005618774469,0.5597535091830024,3.3392841784457095,True
4,1,499.94389578548044,0.5723782360273796,0.5454836811092474,3.339659603927281,True
4,1,516.5319207137677,0.5483136100617078,0.5597053084474641,3.384524925456052,True
4,1,533.5697354243556,0.56027208275625,0.5453886359354909,3.3143877506680086,True
4,1,549.7694475944542,0.5590686426036229,0.5483808480722171,3.4434016618066257,True
4,1,566.7748792082069,0.5819226230368086,0.5405693165152725,3.429965878020242,True
4,1,582.98937515747,0.5551588735382134,0.524248458487202,3.358903515948549,True
4,1,599.9257518554634,0.5781733492188177,0.5391487225920598,3.376270889298055,True
4,1,616.7423445707228,0.582962638995603,0.5223226071776489,3.3747404648546313,True
4,1,633.364151259806,0.5858136794207379,0.5434805466339547,3.381325555543739,True
4,1,649.4835519450132,0.586585268779272,0.5272954951729047,3.369308708254859,True
4,1,666.7311008040663,0.5870751697079609,0.5438826743280073,3.319023359644543,True
4,1,683.5732924832082,0.5768051466278596,0.5208884731422574,3.405959260938668,True
4,1,700.1307912027755,0.5976027683292862,0.5262148428846305,3.3699439382042033,True
4,1,716.1783129266915,0.5645397985902866,0.5084230335406195,3.4164247777111747,True
4,1,732.997364511324,0.570681414253151,0.5029700931424783,3.4098339282637014,True
4,1,749.8432989824016,0.5769279975843944,0.5293438036825309,3.4296319046772634,True
4,1,766.390784917025,0.5651114766994021,0.5010712810637009,3.4205284332779557,True
4,1,783.7494462715908,0.5676663699543655,0.5150354185934272,3.3110440919882835,True
4,1,799.8372737771472,0.5629119591562367,0.5022923069805167,3.4536836762143683,True
4,1,816.2240029975684,0.5739907366357879,0.49963651019056976,3.4246150289771795,True
4,1,833.1326135889275,0.5710565503075902,0.5157981029190446,3.395467835173743,True
4,1,849.7651602852268,0.5615309572162278,0.5057001568049101,3.4604872499200114,True
4,1,866.2781581641733,0.5851035231854826,0.5044449730936608,3.403101443298613,True
4,1,883.1209709097102,0.5700960364238692,0.490992722209445,3.400578795966375,True
4,1,900.0814603129113,0.5797298724213711,0.507606480253764,3.451440241574111,True
4,1,916.7146442680194,0.5925663105670584,0.4946444446622466,3.4609064760926964,True
4,1,933.51806518216,0.5902188775150694,0.4869936121804787,,True
4,1,949.8904243829624,0.5739186994343706,0.500584667711715,3.375056428575692,True
4,1,966.9523849795374,0.5691079349552621,0.5097428577044946,,True
4,1,982.9760895136927,0.5670613138549343,0.5094366446852877,3.535007521381867,True
4,1,999.8167647599206,0.5656985569871269,0.506900777778512,3.411697800914887,True
4,1,1016.2937117445626,0.5658968189310926,0.47031222227179514,3.3556342259454675,True
4,1,1033.6738767901425,0.5615050673750963,0.477026766573889,3.463768452455239,True
4,1,1049.4292010699282,0.5719996690784203,0.48414237012619604,3.3830606201586524,True
4,1,1067.055071019408,0.5609042681600821,0.4821148745283741,,True
4,1,1083.668369075386,0.5628093119393248,0.49481128054895124,3.513582087086817,True
4,1,1099.4736862694085,0.5677385021806308,0.48248953734701155,3.3380705175558885,True
4,1,1116.7791633084994,,,3.468297201540928,False
4,1,1132.8082652420933,0.5672609970378353,0.4897019138374905,3.369652984292658,True
4,1,1149.765138177968,0.5441883396833668,0.4729152470774918,3.5150215170120584,True
4,1,1166.656660222534,0.5534841830798759,0.4676390174025078,3.4883921621023983,True
4,1,1183.332637950409,0.5617900150662143,0.4751283810954254,3.4832017583865964,True
4,1,1199.9711985887977,0.5354484802126935,0.4779935101054494,3.4873980554073007,True
4,1,1216.9480619628237,0.551801486703374,0.4592624225685444,3.4242134385314094,True
4,1,1233.2257135346138,0.5598146021562982,0.4813612613713882,3.4608852868108415,True
4,1,1249.3537854604892,0.5529403777268292,0.4688274978422338,3.5167285149529133,True
4,1,1267.2435234007476,0.5517327324406289,0.4640571601488853,3.438500935037308,True
4,1,1283.662458393822,0.5482296081461057,0.4644592995612309,3.423210433118087,True
4,1,1299.9393325298324,0.5263292781074611,0.4507993462828633,3.4533516478974,True
4,1,1316.66802879923,0.5403506287835986,0.4630491724662752,3.4493733580198302,True
4,1,1333.5857063584458,0.5432468008710356,0.4681702958796791,3.4088914381331614,True
4,1,1350.4835938501121,0.5276267693048735,0.45009403335166187,3.407854823316862,True
4,1,1366.7065176393903,0.5300726270111502,0.4479335354648091,3.433368748196085,True
4,1,1383.5594787998916,0.5246598497610593,0.4343452352931975,3.534326298217291,True
4,1,1400.059991413557,0.5122181761389142,0.46759653541280727,3.419940263639019,True
4,1,1416.7517879016632,0.5258812392301783,0.4481587501768647,3.3943460186264436,True
4,1,1433.692075130699,0.527198942076269,0.4679581623813794,3.465986945660363,True
4,1,1450.1342104925898,0.5164899730872333,0.44816786825193167,3.500496561735754,True
4,1,1466.4856606200462,0.5118955282635156,0.46377893307021134,3.439630180113865,True
4,1,1483.3517042698709,0.4955291310739816,0.4497238586463766,3.4149675956109182,True
4,1,1500.0083185899418,0.5086544862914553,0.43304338185642777,3.3717431390153867,True
4,1,1516.5677260886514,0.5063881664062949,0.4549472101803131,3.5225054484676632,True
4,1,1533.3670673081415,0.5147863202363976,0.44570634891498573,3.4175333776776418,True
4,1,1549.883149171597,0.49977863033231495,0.44750977408489045,3.4311431238756707,True
4,1,1566.7494094889116,0.5047263715593616,0.4335718758973287,3.5338970577286517,True
4,1,1583.532786581667,0.4988145846434241,0.4509957668060306,3.4532714726900697,True
4,1,1599.8344899897672,0.4974219489644199,0.4429623292830943,3.4425911217849916,True
4,1,1616.633298738529,0.4916761890744169,0.4439596865869904,3.4463768612242425,True
4,1,1633.6428591062017,0.49706957544829355,0.445456176955945,3.466913155686418,True
4,1,1649.9452284325566,0.4968655929298882,0.44042159269287207,3.4320733374625316,True
4,1,1666.662281371777,0.4838532681406229,0.4573967608291251,3.390800172068179,True
4,1,1683.3819670813807,0.47836427995344843,0.4378415228935838,3.380965462712824,True
4,1,1699.9812007860999,0.4754581862356264,0.45284992466916396,3.3977064611852623,True
4,1,1716.8110960233391,0.4939078223037565,0.4522370573423533,3.4230360556650323,True
4,1,1733.4054688437348,0.48191486418562773,0.4628649246407002,3.378583316413018,True
4,1,1750.2838313483667,0.48412894035863374,0.45327012244103737,3.3668800712602684,True
4,1,1766.7667667255046,0.4636149112885825,0.4362733445967751,3.470118987108915,True
4,1,1782.911197216022,0.47195611840076807,0.45283364037735235,3.3921095038378914,True
4,1,1799.9273431153476,0.48003389711120953,0.4442920271225136,3.4190868723725774,True
4,1,1816.6717821168502,0.46217294539467674,0.4406374405499107,3.379209497402535,True
4,1,1833.6118471807254,0.44800468334009735,0.42686878771814024,3.397415036585276,True
4,1,1850.1962997543756,0.4579940349728122,0.43312897753448437,3.3830634804894544,True
4,1,1867.0122811437675,0.4693707095297029,0.4296798789621013,3.4248733438861882,True
4,1,1883.2343970029385,0.4489564352938461,0.43670542209866514,3.4566478110998307,True
4,1,1899.6648110082142,0.46198337885972585,0.43608010771209277,3.5005842172377184,True
4,1,1916.1168637161068,0.45220676546673894,0.4544177585299773,3.410779392373492,True
4,1,1933.7363094390812,0.45080613238215667,0.46643118650926174,3.3867136832167595,True
4,1,1950.6946607699215,0.43658382332454326,0.4458360120392838,3.5505867755422615,True
4,1,1966.7905314450154,0.4594246258643607,0.4298203010338571,3.4380844455196984,True
4,1,1982.907051624172,0.43976423256460206,0.45498747502894393,3.45391432039684,True
4,1,1999.3202774805181,0.440971965803556,0.4447942711308144,3.4532017746681167,True
4,1,2016.589767091013,0.41994544976355963,0.4252792718008834,3.422820246600632,True
4,1,2033.8290650751255,0.42370601076220404,0.44209474987503516,3.4147366614197754,True
4,1,2050.0048490166837,0.4398854898329637,0.45013427776159093,3.4526758989573962,True
4,1,2066.7258609251717,0.4372324683385014,0.4590292309808278,3.46142869415459,True
4,1,2083.437975584825,0.4477516309630126,0.4332111035748446,3.4892359245465188,True
4,1,2100.051975004114,0.43734308516116754,0.4335055733637252,3.399452638409617,True
4,1,2116.5854218427094,0.43058530073924645,0.4486314549233439,3.3543960987374897,True
4,1,2133.6982150710596,0.4393984087730851,0.4540554059378967,3.475214957400836,True
4,1,2149.8903109752496,0.4224831786235421,0.4375276501479104,3.4380692406856617,True
4,1,2166.2740754236006,0.42046160008074,0.44598584791070894,3.3923556956706715,True
4,1,2183.107179414431,0.4154761744464998,0.4579277065355789,3.4800073027018836,True
4,1,2200.2974833971484,0.4175826566656367,0.45670234723947845,,True
4,1,2216.936800443795,0.4242739279321582,0.4696193553162338,3.457875538895026,True
4,1,2233.0034124657445,0.44093534955725006,0.46079982021016536,3.4184294100164263,True
4,1,2250.382290035436,0.4193583000552154,0.4323423153276149,3.3934757049096484,True
4,1,2267.095299935702,0.4138830140275549,0.4567277419278601,3.4502535817999527,True
4,1,2283.1915468807065,0.4172058224621788,0.43761978949941777,3.376694935358483,True
4,1,2300.309765712911,0.4176525826777762,0.4553428096718064,3.499811377435333,True
4,1,2316.7431772119626,0.4150625871724042,0.45999700970938334,3.3990290620381427,True
4,1,2333.199356941678,0.4192014219420878,0.4548884863885951,3.389879996249629,True
4,1,2349.332530140089,,,3.4382785274534124,False
4,1,2366.449838036318,0.40948565826629957,0.46559772463306504,3.3737689175135857,True
4,1,2383.331432277939,0.40312396491221913,0.45009897004501986,3.3866616672853955,True
4,1,2400.2903443149016,0.43130268400057453,0.4643458180764332,3.355840097194578,True
4,1,2416.7122514913212,0.42098586284943273,0.45770740030033047,,True
4,1,2433.628785310811,0.41325279075519283,0.4753771123543399,3.4050586469986373,True
4,1,2449.964731872136,0.4169191589032286,0.49075126244353146,3.366140158654158,True
4,1,2467.0469388353763,0.41597033488954666,0.4760031881828217,3.337030905507792,True
4,1,2483.4194798931467,0.4046177054492378,0.480110627314647,3.396125207677363,True
4,1,2499.6943431823383,0.41864857367182357,0.47433322685319473,3.3747867432889103,True
4,1,2516.52617129482,0.44036467355788395,0.4747482025586534,3.330913102289724,True
4,1,2533.4158174537274,0.4298439316074682,0.469053347520889,3.3400133348741887,True
4,1,2549.9030271897936,0.4274843109171665,0.4675544749833512,3.4418970860374625,True
4,1,2566.6215297063736,0.42556912373301775,0.47230087742693155,3.397345205582429,True
4,1,2583.124738365293,0.42373759663877886,0.504474145612215,3.4288329046181274,True
4,1,2599.950217737063,0.43517474446630083,0.47746704500628007,3.388648524603788,True
4,1,2616.9467355781417,0.44077968613253976,0.4799945815540773,3.414915578050325,True
4,1,2633.0412226546655,0.4237012745244419,0.5078614763811193,3.3660849615690336,True
4,1,2650.318668797164,0.4352408103143312,0.4752749826801739,3.4306463604333355,True
4,1,2666.695163310434,0.4437066307185968,0.4944756338761846,3.3393013552037285,True
4,1,2683.2197090942495,0.4457569452498249,0.49930190000403846,3.4408138345722152,True
4,1,2699.9489726776324,0.4338211011333808,0.49019648102090807,3.3574027063069387,True
4,1,2716.709418909054,0.446470942218161,0.5046729579130833,3.380410054175754,True
4,1,2733.9823860623974,0.4129288494520766,0.49242596836726144,3.3218657774413227,True
4,1,2749.831856492195,0.4574491109227171,0.4974892974971862,3.3610002153106784,True
4,1,2766.6372513901665,0.4449831497493746,0.513366431401809,3.3346240719685554,True
4,1,2783.3457776869477,0.4429403167273106,0.4938738299583491,3.321602016993544,True
4,1,2799.8179426054153,0.461672951105149,0.5057743043054517,3.3558909042745593,True
4,1,2816.683313037162,0.45214874174998404,0.5176978391265363,3.3890505704462024,True
4,1,2833.510075890721,0.45400629125702363,0.4987196951825992,,True
4,1,2850.3260278485727,0.4492178759907239,0.49892461466461635,3.398208621345291,True
4,1,2866.7804995483507,0.46531411610561024,0.5368831784710971,3.27572287589061,True
4,1,2883.3085396784677,0.44705600880271024,0.5122651375054836,3.3764493679279264,True
4,1,2900.454955888568,0.472118672702242,0.5095171563489456,3.3511659215594296,True
4,1,2916.685162309676,0.46935940646882446,0.519695184327929,3.365167682629409,True
4,1,2933.0160723216713,0.47481189696247716,0.5342403041447052,3.376204627874234,True
4,1,2949.7137248778145,0.4747205048858711,0.5250982687933345,3.2988928709584378,True
4,1,2966.950787825599,0.4683689534530359,0.5202505707213243,,True
4,1,2983.3491303452574,0.4686152839370183,0.5277138383980807,3.301661446401898,True
4,1,2999.9972766592,0.46540319157734145,0.5274939022500983,3.2590997770254573,True
4,1,3016.681828006186,0.492890608029192,0.5198885720559717,3.276624524523903,True
4,1,3033.1662767502585,0.4758393333411292,0.5392194891781753,3.338958780162101,True
4,1,3049.5791642627646,0.4855386098478597,0.5167310126963195,3.341350982084199,True
4,1,3066.8186365878896,0.4903981068471734,0.5381926626431471,3.2957908325660497,True
4,1,3083.338262689748,0.4850318608597055,0.5376833934849157,3.3358519461749387,True
4,1,3099.8031248207485,0.4917009161018827,0.5310231340453183,3.291664017552975,True
4,1,3116.661215152789,0.4775200166202804,0.5216265853445519,3.3267282543520134,True
4,1,3133.2349342792913,0.5140733793162713,0.5345835305790024,3.3236291116716834,True
4,1,3150.117174854971,0.5229440295960704,0.5195791119638745,3.3662082947913854,True
4,1,3166.2318603816157,0.5147692726623712,0.5375466649811494,3.3332911884467458,True
4,1,3183.1477313217706,0.5080992351567997,0.5489515303302245,3.3700966500151557,True
4,1,3199.9364525364977,0.5192676971160495,0.5608825680037146,3.29210804170409,True
4,1,3216.7097704800663,0.5111644660251715,0.5459020582866718,3.33472937217497,True
4,1,3233.680781995125,0.5128880837298633,0.5481839724856896,3.2496595718531465,True
4,1,3249.7029802358757,0.5215250007781587,0.5597406082036871,3.2992279256697747,True
4,1,3266.43769640183,0.5207373350798659,0.5508308744681696,3.2617570523499144,True
4,1,3283.3717935980585,0.5326336102247603,0.5366063594422708,3.3782492672406534,True
4,1,3299.809797758654,0.5228643897907399,0.5473617455889188,3.2974840885700396,True
4,1,3316.928887086654,0.5452072485689518,0.5529262657573397,3.2866549154375626,True
4,1,3333.505211421809,0.5405764562599649,0.5500053612506861,3.324732206038839,True
4,1,3349.582978019128,0.5285965847845919,0.5374056023584238,3.2652265704086876,True
4,1,3367.1442768136058,0.5362610978264704,0.5639769939243712,3.1873274406025534,True
4,1,3383.5533748341513,0.5328823313833967,0.559081000318848,3.1956664308928824,True
4,1,3400.4384403797512,0.5437782220748368,0.5702778619491391,3.2021389307237493,True
4,1,3416.61134519004,0.5492773575529223,0.550126382392724,3.303032526300817,True
4,1,3433.3220967147827,0.5537263586035696,0.5446197103801683,3.2827284177200924,True
4,1,3450.0551634963726,0.5460611709410524,0.5564896057189019,3.235695672870286,True
4,1,3466.0883688310023,0.558249010752166,0.5663965577175878,3.2496570797423088,True
4,1,3483.612160064522,0.5391700375771905,0.5581594828536166,3.2431128950606567,True
4,1,3500.0931010837494,0.5531345025840997,0.5739384611965803,3.2325376368001137,True
4,1,3516.5226275778205,0.53959582243467,0.5528117527589655,3.224163837315522,True
4,1,3532.946054552027,0.5683860075448596,0.551745274612094,3.220898719461046,True
4,1,3550.178914425716,0.5498775573630149,0.5677133011468481,3.264393784722215,True
4,1,3567.095532176153,0.5554672288920333,0.5451295619326874,3.2707467657598177,True
4,1,3583.375078809489,0.5689835269081981,0.549434478959848,3.255397932276379,True
4,1,3600.4049530099073,0.5670208408000823,0.5403397285910807,3.2511841169644526,True
4,1,3617.0077144671686,,,3.2314681051088843,False
4,1,3633.501718939212,0.574612209191412,0.5608749132431735,3.2861614549716154,True
4,1,3650.0747256274326,0.5523091866866621,0.556627060543027,3.2495698121324073,True
4,1,3666.8437235346173,0.5604787966042688,0.5447512445954689,3.269456554031441,True
4,1,3683.3059077897783,0.5729088089505594,0.5550045197230167,3.241184202938149,True
4,1,3699.7720925620015,0.5565779835410863,0.5608576450744498,3.2140638601212226,True
4,1,3716.447645346732,0.5612657483588598,0.5729587781872554,3.2739097343719523,True
4,1,3733.5739871557244,0.5707233226644485,0.5456257646870536,3.2041224840589773,True
4,1,3749.665160041341,0.5658836825956621,0.5498742589633103,3.13097590241467,True
4,1,3766.7088072446,0.5829330016187845,0.5629517600078366,3.1903247843302753,True
4,1,3783.3854813673747,0.582472383896413,0.5593378829418234,3.241227302313149,True
4,1,3800.14305001496,0.5576040936899631,0.5553154738413166,3.1543371614334625,True
4,1,3816.7151640842176,0.579385282323764,0.5448876159540657,3.197289472030441,True
4,1,3833.9528670053933,0.5734748069773687,0.5536520713381946,3.0971058474283306,True
4,1,3849.586697731793,0.5720934207765118,0.5566008349837036,3.2147170943912844,True
4,1,3867.071371865236,0.5705648486924675,0.5648041325746747,3.1731102610635116,True
4,1,3883.357561682204,0.5837492973668317,0.5602025185452849,3.2053012240583514,True
4,1,3900.393602978127,0.5868164454918642,0.5484854024734354,3.2315046347190193,True
4,1,3916.2362466735535,0.554389344309782,0.5431496429307275,3.2691623401239753,True
4,1,3933.1085345026813,0.5719835837801468,0.5407156377537371,3.227397547349104,True
4,1,3949.874108768439,0.574999952561336,0.5544069195634216,3.2238795062313024,True
4,1,3966.39085585827,0.5807756085988853,0.5495277325238234,3.195716408722617,True
4,1,3983.3403874596493,0.5827656935789864,0.5467470602950096,3.164180145941798,True
4,1,3999.8783481722417,0.573131187621814,0.5465201691670446,3.1959016477172573,True
4,1,4016.676706324771,0.5839336470191453,0.542378773993522,3.1835744083520128,True
4,1,4033.424834476286,0.5760441158216342,0.5592638268863152,3.160986735553022,True
4,1,4050.0529509822813,0.5631628759077729,0.5376668555132373,3.158032300502095,True
4,1,4066.793185090062,0.5691469724280094,0.5493866954881432,3.0902046846119244,True
4,1,4083.553414223385,0.5832478425007027,0.5470551371192783,3.081796451098352,True
4,1,4099.946819516041,0.5684342617232636,0.5374867195717907,3.212194585479371,True
4,1,4116.427314406107,0.5736472410250923,0.5504630797280704,3.137564869344032,True
4,1,4133.673597220569,0.5660867887559174,0.5460709062800968,3.1115903691725517,True
4,1,4150.129685522186,0.5790297330073371,0.5488387657421433,3.1326807107600736,True
4,1,4166.8673201531,,,3.1773551019645447,False
4,1,4183.194190495625,0.5578119931900698,0.5495575760284158,3.201684698037142,True
4,1,4199.942346771195,0.5851044918785696,0.5471432196879906,3.1631297148695996,True
4,1,4217.069606326318,0.5586446408506749,0.5367059702106047,3.0950866693180483,True
4,1,4233.720305499022,0.5775180331454071,0.5360854098319234,3.28219714734256,True
4,1,4249.757518744586,0.566910320398265,0.5224458145898077,3.1912247707194275,True
4,1,4267.11953660989,0.5516501682609518,0.5104680730265538,3.1734317161385657,True
4,1,4283.061932802905,0.5566767206849931,0.5166331848727406,3.2350691490265735,True
4,1,4300.45842688643,0.5671949576632841,0.5336170842718455,3.1007382012038547,True
4,1,4316.385141140249,0.559294232639425,0.5337968935368886,3.200723598684013,True
4,1,4333.290340878838,0.5706238061549657,0.5281435414274154,3.1656319758087856,True
4,1,4349.871263416568,0.551055343313568,0.540007791642083,3.1995244391574067,True
4,1,4366.956791178126,0.5513785571358302,0.5164184351526931,3.1659364455872034,True
4,1,4383.5764390907025,0.5723872390667054,0.5253064092971836,3.0911234247129844,True
4,1,4399.976369222729,0.5365966298129757,0.5505687227104615,3.1412429068624372,True
4,1,4416.256618444681,0.5560819960813229,0.5256177722332698,3.141754329157542,True
4,1,4433.385565352125,0.5413157244734629,0.5187549629659675,3.1504058879567642,True
4,1,4449.923941915871,0.5363899419323203,0.5252680913550188,3.1673240933749995,True
4,1,4466.813492656977,0.5333441141913551,0.510396503925307,3.165316232831665,True
4,1,4483.919426536318,0.540389758367454,0.5152824316061025,3.0747772662218447,True
4,1,4500.071792306364,0.5272425648507486,0.5180399985736269,3.1912772350610803,True
4,1,4516.340630239094,0.5306426211972769,0.5191625144810171,3.1412424923412274,True
4,1,4532.732704642297,0.5383598857903138,0.5158649516425127,3.2318709681063877,True
4,1,4550.047486351488,0.5214732539861043,0.4982987068132147,3.188232720014356,True
4,1,4567.094220076698,0.5170413487074866,0.49901978375836825,,True
4,1,4583.571111817632,0.5104802932135326,0.49798711628394043,3.1572049116913963,True
4,1,4600.356122653769,0.5026770211898668,0.4938886615521034,3.0999258689882363,True
4,1,4617.039790860635,0.5189028687767788,0.5080766300806994,3.1266690772881662,True
4,1,4633.367098154136,0.5194888632038703,0.5011570756808112,3.1430388284867847,True
4,1,4649.64321350084,0.5072017238147496,0.47873198431291686,3.0307233459649328,True
4,1,4666.834515991195,0.5040170539935301,0.4913945999346023,3.1331474465972744,True
4,1,4683.156412775467,0.5093296908301463,0.479051665729085,3.204244780002937,True
4,1,4700.0112150704645,,,3.2000420459276686,False
4,1,4716.714624261678,0.5057638332786363,0.49091488833874775,3.1783777249055367,True
4,1,4733.386137430861,0.4950040283897107,0.48493143212650336,3.2060881181749883,True
4,1,4749.7328182385345,0.4796422423158858,0.4900279200667906,3.1365461078414416,True
4,1,4766.7984995524075,0.5123383619172288,0.47470298470615535,3.173111087629787,True
4,1,4783.361620578185,0.4912387080735168,0.4851569200050923,3.1158611598813075,True
4,1,4800.261232220214,0.470815710920318,0.4780322012745853,3.1201680512395096,True
4,1,4816.756788922214,0.49881727654282587,0.4682747603382345,3.1796131890381285,True
4,1,4833.359472739738,0.4897033539410423,0.4804456441678579,3.203313779853068,True
4,1,4849.442802853745,0.47858877311931003,0.4851917522389355,3.0905277998760523,True
4,1,4866.861340308905,0.4708769664879232,0.46814249165994753,3.151209176469284,True
4,1,4883.406160850212,0.46793327214408037,0.4829266393236424,3.1719667688647264,True
4,1,4900.3073057117645,0.45391315778549074,0.4671827352956398,3.1572279444202622,True
4,1,4917.0966642046915,0.47696100946268094,0.46471264427328307,3.1208655527598683,True
4,1,4933.296104476148,0.4577197476424981,0.46751784537126073,3.14282996147012,True
4,1,4950.2314642002675,0.4855583367858356,0.4721788620798488,3.1362056241732006,True
4,1,4966.853511389424,0.4565253664157069,0.4720034608169912,3.136411516349162,True
4,1,4983.245757245761,0.45356137325949436,0.4598990054540371,3.245722960210349,True
5,1,0.252560262415168,0.5129935693414841,0.5311642395755933,3.26556101308651,True
5,1,17.0318277064536,0.5228857439755767,0.5536086959147654,3.2645420083227754,True
5,1,33.58045497410363,0.49964798252779047,0.5479784769460299,3.29325785343125,True
5,1,49.83004950136459,0.5028059335971753,0.5651380230702855,3.290945956072767,True
5,1,66.49774354239077,0.5193205050112157,0.5630129819625586,3.3090220669210706,True
5,1,83.27130798616679,0.5002897296435715,0.5452843408813612,,True
5,1,100.10593781445706,0.535109595453492,0.5598540881306996,3.3497433775669254,True
5,1,116.38652473600365,0.5211386901127962,0.5641868767992012,3.275880068471971,True
5,1,134.05417236733146,0.5331594522637241,0.5678882980084469,3.3410738912355415,True
5,1,150.22981537304133,0.5146398082031648,0.5573550060016565,3.269450406570849,True
5,1,166.5100303227328,0.5155434623575474,0.5669814052295454,3.372829114754075,True
5,1,183.2115556541432,0.5376168180821582,0.5709169735809417,3.341582871468725,True
5,1,199.8111479241503,0.5269637051824305,0.5554357695432255,3.2439061767856776,True
5,1,216.4810773703027,0.5256845525079021,0.5706956474063096,3.331392957404641,True
5,1,233.5145031360746,0.541431054763267,0.5485600959175477,3.3238116693831756,True
5,1,250.3551160062587,0.5412239490674697,0.5523880849519262,3.3011232211983703,True
5,1,266.2038309201707,0.5282094697241828,0.5603418545723114,3.3439448534740306,True
5,1,283.470860713965,0.532346467189293,0.5544218768773443,3.3237637802735507,True
5,1,300.2211928723603,0.5385136022400835,0.5442219272461706,3.320959823642612,True
5,1,316.4571564985209,0.5406040834763582,0.5538321204154751,3.3448676550906984,True
5,1,333.43849235374375,0.548518948022776,0.5548716691852588,3.3097836215953014,True
5,1,349.97121178970747,0.5551994029064451,0.5541387968549172,,True
5,1,366.4673606757021,0.5542386520637755,0.5679923941733079,3.375326783633151,True
5,1,383.1105002907871,0.567506856512854,0.5683939319537491,,True
5,1,400.24424810824286,0.5392892145462428,0.5595235386913864,3.3472993771238104,True
5,1,416.6594502440344,0.5647692707850229,0.5463996669375834,3.3761250153452598,True
5,1,432.7982637898823,0.5490932303410346,0.5306846158709059,3.350112902078623,True
5,1,450.3826568907737,0.5655236151666716,0.5363870604440985,3.346722448577018,True
5,1,466.8426054583489,0.5600439002784691,0.5307384962111457,3.4022817409742276,True
5,1,483.82849958620443,0.5582735640634119,0.5525003764597474,3.376380693657159,True
5,1,500.3198668666315,0.5502092894018468,0.5351734987879053,3.3971923605241137,True
5,1,516.6986410499736,0.5558977949833189,0.5390780667051835,3.4225573239700116,True
5,1,533.456889738574,,,3.421990325227779,False
5,1,549.9297466345095,0.5753771989256447,0.5277018641254204,3.3481863592475065,True
5,1,566.7159727808727,0.5816545638412186,0.5545960112167312,3.341160471378828,True
5,1,583.0383119800136,0.5716198038840001,0.5244591042086132,3.384962101983681,True
5,1,600.136982568354,0.5810291980078762,0.5401665564740658,3.4540753368091273,True
5,1,616.33746839099,0.5913440292352055,0.5200835396880308,3.434555897964327,True
5,1,633.5786029678521,0.5605989821273476,0.5399744169470245,3.3265363648742037,True
5,1,649.8896102195221,0.5828169925803032,0.5224343058784481,3.280030043305671,True
5,1,666.577514561651,0.5830023713204044,0.5209461008809023,3.3704626093318804,True
5,1,683.4646678368435,0.5616468369361757,0.5150102636708177,3.397900438823624,True
5,1,699.4097315137851,0.5991131077123969,0.5207347750120358,3.4529821511817946,True
5,1,716.422830350337,,,3.339148435510464,False
5,1,732.9710595235165,0.5732948465232931,0.5012309537896291,3.310667235781883,True
5,1,749.8104906985291,0.5725974818880276,0.5179377097466284,3.335545576112413,True
5,1,766.772737643349,0.5799619152696174,0.5133209685582544,3.4804743173811548,True
5,1,783.0831155303397,0.5734791800724733,0.5095514658932969,3.429262233254335,True
5,1,800.3014047155644,0.5920149583252269,0.5209037048796744,3.388521408418313,True
5,1,817.107330933098,0.5939126573574005,0.509783799902383,3.3606754962634193,True
5,1,833.5529679269322,0.5651335823910754,0.5062699932129593,3.4026955007394144,True
5,1,850.0306714290953,0.5766693177958765,0.5147345404622671,3.4227142293543937,True
5,1,866.5793356629384,0.5873225397185365,0.5005226517912605,3.3695744101414746,True
5,1,883.0648263693299,0.5675073384161893,0.4919265497083018,3.41351513369969,True
5,1,899.7505963981463,0.5886083279878382,0.5061993403261167,3.440293755507734,True
5,1,916.6946099267873,0.5752449208573801,0.5234980603780384,3.42711781264091,True
5,1,933.480715316147,0.5802763966004001,0.4907850795402609,3.459322850326761,True
5,1,950.1053233471981,0.5677464545700686,0.4881380061126346,3.4366593480652923,True
5,1,967.1158743988361,0.5852445893099032,0.5031347555764126,3.46422434025769,True
5,1,983.331082102355,0.5815090429825546,0.5028834687465934,3.380972728347577,True
5,1,999.9355785985435,0.5774696082411631,0.5115373230160721,3.4689643270365385,True
5,1,1017.073388020756,0.5743587868728206,0.4941162481834335,3.4562704121473815,True
5,1,1033.3264601286728,0.5649617622650195,0.5037755087547741,3.418244057030749,True
5,1,1050.1299061625257,0.5721501872371668,0.4965760630130912,3.4208502855841902,True
5,1,1066.2902327506035,0.5739788620135712,0.48564520818220946,3.4039482497051345,True
5,1,1083.1318093113687,0.5665217061996385,0.4983584352659449,3.4266805581628867,True
5,1,1100.1565103856483,0.564284413657558,0.475815028244125,3.4335691238867523,True
5,1,1116.668502429797,0.5554403147139758,0.4778951243536583,3.444985992744019,True
5,1,1133.4971698992076,0.5483937111526794,0.481439926416681,3.374045012021648,True
5,1,1149.8547951535186,0.5629472951538004,0.505427772849669,3.4674639489432697,True
5,1,1166.4887071406831,0.5672848027214191,0.4728155424881255,3.4168390032011766,True
5,1,1183.1199336526179,0.5494510712453279,0.48411478329336904,3.477641234783203,True
5,1,1199.9814906289223,0.5554278553925682,0.45581707048376674,3.4231476249529016,True
5,1,1216.8530139200986,0.5618889691754873,0.45961482608274384,3.4563381518174956,True
5,1,1233.187318050315,0.5499162174753447,0.452048848018474,,True
5,1,1250.311699204541,0.5424335839295352,0.46221960898651654,3.3860543767451596,True
5,1,1266.687808881644,0.5287633736517194,0.4640750457658931,3.534577572357997,True
5,1,1283.3740111233135,0.5394563162669483,0.45554202494667206,3.4556553065183873,True
5,1,1300.2896388778179,,,3.4642627212410115,False
5,1,1316.6210576013884,0.527125513230497,0.44074787129866516,3.5036886445545083,True
5,1,1333.813810227858,0.5353051041444717,0.45904141886267086,3.3885170122418375,True
5,1,1349.808512477704,0.5428484878354938,0.45211126545944474,3.53152304601734,True
5,1,1366.1782872994472,0.5228247856054367,0.4683257388167537,3.459291927796458,True
5,1,1383.5455170632752,0.5268090501836467,0.44434497462992045,3.459422534479688,True
5,1,1400.0935271934475,0.5268173515992431,0.45442702208220614,3.4690455175926806,True
5,1,1416.4761916126376,0.5358629810637199,0.4701974063664028,3.511891976576829,True
5,1,1433.3330097850944,0.5177653879297491,0.462155603173508,3.4649820357293173,True
5,1,1450.164047116913,0.5275764172246834,0.4512206940069745,3.3804158451984097,True
5,1,1467.0046573170473,0.5118482881635019,0.45690642466935677,3.4661795181024333,True
5,1,1483.2418831605983,0.5131813423366598,0.44203177010748057,3.456188369307564,True
5,1,1499.7669541581963,0.5251380435784188,0.443236003418388,3.472624010552309,True
5,1,1516.2369814638355,,,3.4113251906903295,False
5,1,1533.578681915229,0.5141809024425059,0.4506482423243076,3.485275787726388,True
5,1,1549.8153619238826,0.5107301193874001,0.4445481509473186,3.3804706840825256,True
5,1,1566.5576598660525,0.4979209801507025,0.4302561628130791,3.462124636902373,True
5,1,1583.490216564851,0.5192378707392732,0.45849824066195116,3.468569100919599,True
5,1,1600.5442501703621,0.4805727193370562,0.4525590262948487,3.494094736451924,True
5,1,1616.710226738345,0.48137912473320477,0.4453722983872239,3.417914319264622,True
5,1,1633.1560459256145,0.49150345979721355,0.4489593657031193,3.3797716293716853,True
5,1,1649.817991598494,0.4791173495811541,0.4543788231252503,3.4946935310317966,True
5,1,1666.8326373675886,0.4814696035447709,0.44047982383909867,3.4097824757231456,True
5,1,1683.2206281074127,0.4823554023150264,0.4451136655975506,3.4661037078558694,True
5,1,1699.718603460815,0.478654895555902,0.4504952129578368,3.514997307387998,True
5,1,1716.8415577262197,0.463726416086185,0.4512544857922171,3.4978977854573703,True
5,1,1733.4032585461132,0.4813748857504288,0.4284960937289355,3.4357732103462193,True
5,1,1750.00884405053,0.470588366775535,0.44826426656087226,3.5115838578671776,True
5,1,1766.612123839042,0.4730449839579733,0.43625720201847595,3.404435034623117,True
5,1,1783.5003293880136,0.46612085502898853,0.42472882716131355,3.4560619656548517,True
5,1,1800.0215720235208,0.4723072569476965,0.4355161481801137,3.536192148888177,True
5,1,1816.6317798089106,0.4640609141138296,0.44278150440584085,3.4620386635306066,True
5,1,1834.1845985223695,0.4803330771272475,0.44355871841704786,3.4613689297919334,True
5,1,1849.6862632889677,0.4683956450980611,0.45124051563039014,3.498615916688484,True
5,1,1866.7254550804412,0.44662685504263927,0.43096641044319395,3.5204626349428936,True
5,1,1883.7004537196883,0.440482637283585,0.45272131983101993,3.4543794840748885,True
5,1,1900.2782376443827,0.45535229929402515,0.43705858264306713,3.4153948628743933,True
5,1,1917.13689834912,0.4492649208101243,0.463721663101675,3.480599749398559,True
5,1,1933.338971501822,0.460202171350388,0.4373668372395183,3.5032898855674595,True
5,1,1950.1260909564724,0.44806546303336925,0.4408373054301933,3.4062449071342042,True
5,1,1966.556465400719,0.4441563325221523,0.4319150550094089,3.4634126895863377,True
5,1,1983.3538636008768,0.447722504518828,0.45972407897105627,3.39708730357143,True
5,1,1999.818057496429,0.4364211503487156,0.446276530161783,3.4000303447300735,True
5,1,2016.4966635851945,0.41698745742661775,0.4400695028453621,3.406694724369834,True
5,1,2033.2563612302608,0.43635106410948243,0.42274707873735573,,True
5,1,2050.2564203238985,0.42543267325879397,0.43460595250194095,3.4656829262611653,True
5,1,2066.838757170939,,,3.433986031264427,False
5,1,2083.2258726508862,0.44940200216056514,0.44783020708464827,3.481421773937651,True
5,1,2100.3665541822234,0.42991045806115913,0.4574658978228873,3.4449024003492976,True
5,1,2116.424589423434,0.43867546363832965,0.4327043034224035,3.420634318971358,True
5,1,2133.499058795004,0.44581990380832387,0.4387697042043764,3.459339415163149,True
5,1,2150.0375520291823,0.459129056536101,0.4364269598466579,3.4523530302372354,True
5,1,2166.410009715855,0.4409537481833968,0.4394252363112734,3.4425593499540783,True
5,1,2183.404592663465,,,3.412753052377626,False
5,1,2199.6436522465206,0.43124377946336284,0.4457246985471335,3.356799479976982,True
5,1,2216.4160587989036,0.4173844776192489,0.45388396561890115,3.435255089161949,True
5,1,2233.3731591711926,0.4366856965605538,0.4462193732322425,3.469880209019591,True
5,1,2250.384349767682,0.4170980396104873,0.46837919267312605,3.479002531891402,True
5,1,2267.022878777653,0.41752920563098844,0.4424025930086205,,True
5,1,2283.5251996746665,0.41862855579880626,0.45609206959748955,3.4104933833313904,True
5,1,2299.9730110120695,0.40163271711128745,0.4614711446759016,3.3991333607370886,True
5,1,2316.4498692932316,0.42106838613413916,0.4662417574962021,3.438645311259586,True
5,1,2333.481879090377,0.4212700242674781,0.4640209134108317,3.4260258493038074,True
5,1,2349.307845256265,0.4132986548536972,0.4676313953619367,3.3789748826990658,True
5,1,2366.569734999844,0.43504842617225425,0.4622206373261699,3.3947641586383543,True
5,1,2383.193404536409,0.41680162799238685,0.4650514456884854,3.4512101171233684,True
5,1,2400.0900624935343,0.4006482961005559,0.46037145083170444,3.3750857254095177,True
5,1,2416.6297727746783,0.41857392639359375,0.4811520996520956,3.4242078704027326,True
5,1,2433.7569842773955,0.4318150484850823,0.46673910085366316,3.392434226156773,True
5,1,2449.744967760465,0.4242093466060228,0.47722213933995256,3.392380857087232,True
5,1,2466.7740562544236,0.4384810439072657,0.4877469489617311,3.4044801676779963,True
5,1,2483.3840409244294,0.40759014506222485,0.47092587928698815,3.3904024298978808,True
5,1,2500.1805904839894,0.41555725798673254,0.4965488107996895,3.44551278331439,True
5,1,2517.0791394194353,0.4393396323473041,0.4617699991098259,3.424854159542602,True
5,1,2533.3857919750403,,,3.328911986277622,False
5,1,2549.6640310476,0.4435395334255714,0.4766156003759756,3.39857619660384,True
5,1,2566.904274318254,0.41550318443302464,0.48859388576181556,3.379513634669854,True
5,1,2583.1179044480195,0.42784492632392906,0.4991662113376431,3.4488082724385873,True
5,1,2600.1008631338295,0.4249828958483379,0.4821089262627237,3.4056076602589034,True
5,1,2616.697548271086,0.4279871556322586,0.4808742399084074,3.384742484280739,True
5,1,2633.2339827119226,0.4459899634655702,0.5044124617560507,3.2706709419190725,True
5,1,2649.7136910819886,0.4385464368783934,0.48095025015614334,3.431741473080583,True
5,1,2666.7030987639514,0.4451887745724135,0.4782802288076346,3.3101319081804372,True
5,1,2683.09649665542,0.4385718996505321,0.4973114961213582,3.456967243164322,True
5,1,2699.8172452169997,0.4172251697741295,0.48202968807736457,3.4672759395363735,True
5,1,2716.688780420592,0.42710447910121885,0.4722992953462561,3.3673808673938286,True
5,1,2733.3750765164823,0.440109425259839,0.511027732006125,3.3461253869684255,True
5,1,2749.722494001803,,,3.3689130092654205,False
5,1,2766.377510272797,0.459176607474879,0.47754852799057573,3.4273659803993897,True
5,1,2783.5240348058633,0.42848422668607794,0.5072463390851935,3.3871163767791908,True
5,1,2799.7974127387306,0.4593568261817246,0.5068703105721888,3.262374945843921,True
5,1,2816.496825409676,0.429010828955918,0.5140364650456622,3.2675631217040424,True
5,1,2833.312350369838,0.46079584360270215,0.4912780837406241,3.3186572526455054,True
5,1,2849.7488444578853,0.46870775449477514,0.5233058814667576,3.277727991924468,True
5,1,2866.5089768098383,0.45571878993423015,0.5078577679971312,3.2746119189377323,True
5,1,2883.366444632407,0.4612271370864324,0.5268354980281029,3.3829031802706693,True
5,1,2900.4150430992545,0.46570394793629294,0.5095088520700598,3.224196885266274,True
5,1,2916.834491792577,0.4796295232058158,0.5173302496723539,3.294193695361157,True
5,1,2933.2847941123846,0.4641994772591115,0.5223474830752187,3.259425040158548,True
5,1,2950.225924004233,0.45821372568928287,0.5112077301616925,3.353862699377599,True
5,1,2966.321170996687,0.48198140540560225,0.5210364690314181,3.3130069665793127,True
5,1,2983.3655760339298,0.4717448736992266,0.5297324584136243,3.383022481464782,True
5,1,3000.4367793941387,0.47699484947750576,0.5350476047876835,3.2876681361103697,True
5,1,3016.19020543373,0.47928890837151056,0.5238345350193809,3.334224213710644,True
5,1,3033.160405236941,0.4799625228355979,0.5112745845305536,3.322879967700462,True
5,1,3049.9390820552976,0.4962632433844479,0.5361076271945012,3.3374287878360813,True
5,1,3066.898922780388,0.4639540039934549,0.5213584130760561,3.284663994474649,True
5,1,3083.1868869798154,0.487116295699843,0.5013304194874488,3.3216991596995733,True
5,1,3099.9992840209025,0.5109875315337612,0.5284668115061436,3.261718041729723,True
5,1,3116.653055574079,0.490387217048744,0.5217356770654848,3.294626894148079,True
5,1,3133.2219328606516,0.5043669623152859,0.5219525493571501,,True
5,1,3149.86949229863,0.508967738911904,0.5228189258657835,3.3037921776785915,True
5,1,3166.7871857457208,0.5002020476354756,0.547979750379842,3.285700786599287,True
5,1,3183.549184161906,0.4982757488566227,0.5278881481420221,3.339059831796622,True
5,1,3200.114180893674,,,3.306816467343607,False
5,1,3216.990512968409,0.5087663241691356,0.5342469017389719,3.3001326041210204,True
5,1,3232.9017828556744,0.5229751543231658,0.5275388752520517,3.336832143748079,True
5,1,3250.19560611343,0.5099178920353828,0.5478054785413861,3.3653178414317457,True
5,1,3266.5290945990773,0.5319383187967485,0.5458644658355617,3.3215475743794416,True
5,1,3283.3418042233,0.5182803625085487,0.5392884686166224,3.327468144456567,True
5,1,3299.8766547161194,0.5262575595010618,0.543584666439321,3.274505708773361,True
5,1,3317.000606027802,0.5324155024740546,0.5461499183070412,3.295386746727425,True
5,1,3333.217659217232,0.5150919037849174,0.5504776508931465,3.2577876183663452,True
5,1,3349.7544650286886,0.5349541532162558,0.5448188406889087,3.1981306880367613,True
5,1,3366.2635693027464,0.542096331131653,0.5401800807029894,3.2362693582107083,True
5,1,3382.675649761405,0.5478857909412665,0.5516552736026175,3.305846585490673,True
5,1,3400.096463033522,0.5329126382447777,0.5478863298865477,3.2616464245326853,True
5,1,3416.932014839888,0.534744968225241,0.5465312069328094,3.241769453405518,True
5,1,3433.106972535626,0.5508498198284383,0.5553546826183042,3.2588928873288348,True
5,1,3449.8731621593597,0.5442559181363275,0.5316447262856374,3.2780613399710594,True
5,1,3466.7718196235132,0.5407337594830016,0.5711707167256546,3.3092369717561176,True
5,1,3483.081656621481,0.5602319609948513,0.5546852191613679,3.2242023590575735,True
5,1,3499.81935320714,0.5601960687791172,0.5376878619672584,3.258738940637118,True
5,1,3516.8212609669054,0.5526155728942841,0.551142347724232,3.2521005346695766,True
5,1,3533.199919136755,0.5557092011460887,0.5561134186429689,,True
5,1,3549.648313069354,0.5334571332786509,0.5389896432664774,3.2032012446667286,True
5,1,3566.8584567987987,0.5692164083316364,0.5564366360812254,3.215939240941695,True
5,1,3583.3125558820366,0.556577101014955,0.5496977419190437,3.240521333507979,True
5,1,3598.8945745699953,,,3.2848159235158785,False
5,1,3617.1662773821718,0.5668047343361845,0.5346670064787622,3.257862075471492,True
5,1,3633.4244286747507,0.5723708600367611,0.5696464853909627,,True
5,1,3649.9934668620867,0.5579371669827962,0.5502025468166308,3.2172214424339907,True
5,1,3666.5265303364945,0.5683314359821354,0.5726569250466128,3.185812699546588,True
5,1,3683.416537579239,0.5878387302593276,0.5661473671342839,3.2403278235164605,True
5,1,3700.1011346419946,0.585301413547748,0.5533643881325403,3.251483905999061,True
5,1,3716.5285943506,0.5792634603831163,0.5685252064592328,3.1666135390949117,True
5,1,3733.151997243998,0.5714422707146402,0.5512717290793474,3.221321606299012,True
5,1,3750.238139609681,0.5742908160032772,0.5505131719651559,3.2231480619900306,True
5,1,3766.9146054035245,0.5769109950220994,0.5636987439013909,3.329624631305585,True
5,1,3783.287601392375,0.5553428369431884,0.5547034892205116,3.238343129606857,True
5,1,3800.082915034866,,,3.1825890959177157,False
5,1,3816.953732208228,0.563603298916661,0.5747316096739109,3.183213216578565,True
5,1,3833.126224780692,0.5899721626968905,0.5481058466531311,3.1867099062351842,True
5,1,3849.9799493664964,0.58863039282369,0.5540225170698035,3.208217706619606,True
5,1,3866.158974257115,0.5788960809678092,0.5559702993491601,3.136428048060987,True
5,1,3883.4308355310263,0.5814256336708477,0.5541770289416453,3.223129266538379,True
5,1,3899.6206475725153,0.5762597873371461,0.563221571621773,,True
5,1,3916.4120619438904,0.5699583119336548,0.5598414910554759,3.2249385624807148,True
5,1,3933.1073657640977,0.5781915631598107,0.5589347130364045,3.188109538732078,True
5,1,3949.7530378931015,0.5809493153532227,0.5485038463007879,,True
5,1,3966.381796508522,0.5848712825988656,0.5410679873843734,3.271745562429823,True
5,1,3983.6332156855924,0.5895664874088459,0.5415890262336986,3.2322677852174646,True
5,1,4000.297530645061,0.577330137937001,0.5467952011970109,3.1811469029635497,True
5,1,4016.907471931159,0.5844697576597847,0.5534078223323752,,True
5,1,4033.525836516657,0.5808824430505533,0.5428416247310283,3.1854684063701537,True
5,1,4049.759391891619,0.5904537659669831,0.550641749060204,3.1900632011629475,True
5,1,4066.134284490933,0.5858824449783351,0.5320564477369616,3.173607383396746,True
5,1,4083.2598117191,0.5873402487443882,0.5634034614094887,3.228069225477187,True
5,1,4099.911323179011,0.5789536811785235,0.540611275739942,3.1843779272603294,True
5,1,4116.113104206134,0.5877986987425184,0.5459927095776864,3.126057229608232,True
5,1,4133.329682197739,,,3.150127548407541,False
5,1,4149.729868241551,0.5714071316020107,0.5572982513126061,3.1562520966460577,True
5,1,4166.774242609974,0.5903264284802031,0.5265383540354943,3.2316733143810605,True
5,1,4182.98235378451,0.5828865292653631,0.5338049130896406,3.165492908217637,True
5,1,4199.718786752245,0.5878679391398852,0.5379374241422356,3.1798653695071595,True
5,1,4216.222162510728,0.5680446940318822,0.5394459083906726,3.1491347844400694,True
5,1,4232.88393188757,,,3.147856857707753,False
5,1,4249.852442566892,0.5569781785136536,0.5305888650193352,3.2117224231666084,True
5,1,4266.799534634369,0.5793909190283701,0.5455380059129807,3.2135819445674403,True
5,1,4283.29700990348,0.5557625808618556,0.5261150078308523,3.093401083376791,True
5,1,4299.920811984374,0.5583277710245743,0.5285098647625509,3.1968519481390825,True
5,1,4317.259881405535,0.5586728583780326,0.5415513734254731,3.1623943506802634,True
5,1,4333.3014752554545,0.559475408157542,0.51024239822876,3.1604806230486804,True
5,1,4350.030860831623,0.5666871307936899,0.5175764113676249,3.1613597852248523,True
5,1,4366.658379620396,0.5476047894369349,0.5088159835747956,3.176425345134848,True
5,1,4383.424175473626,0.5501887921453418,0.5198725016818715,3.104534488367869,True
5,1,4400.300584050185,0.5577496911075948,0.5199948926013465,3.217757204374247,True
5,1,4417.106746838004,0.5419284320296698,0.5171362902900789,3.193583837607459,True
5,1,4432.801277607595,,,3.1723347305023033,False
5,1,4449.562059733106,0.5624229620397077,0.5038495147438671,3.1305955844202766,True
5,1,4466.672344349589,0.533335177855276,0.5140105883752807,3.1636643531970927,True
5,1,4483.409857337883,0.5455784632916256,0.5069293766974315,3.1559709569670056,True
5,1,4500.024649826521,0.5241832902954869,0.5031754870479166,3.2148693912429396,True
5,1,4516.530588580683,0.5354899064077098,0.48673274038113856,3.155273348743644,True
5,1,4533.910129953395,0.5303603702394697,0.5056651049332773,3.195733677130719,True
5,1,4549.971290260989,0.5166413819440691,0.4935317867225467,3.1364490859083434,True
5,1,4566.2088483694415,0.5114715182192652,0.4857972275318597,3.0799376921403394,True
5,1,4582.797234067498,0.5288742863426797,0.49194147598239707,3.2273914824134566,True
5,1,4600.219440892607,0.5119105481219318,0.5047040762674144,3.2111562637315667,True
5,1,4616.723545199852,0.5178114426908189,0.506655440668565,3.0869136138425977,True
5,1,4633.796001793288,0.509644594545451,0.5033671666796249,3.1465713046912254,True
5,1,4649.99733749442,0.5183364605391315,0.4850335413521739,3.092622344959717,True
5,1,4666.6494352737145,0.5238784814030405,0.5024799241157086,3.119531158066779,True
5,1,4683.129739154652,0.4986101332156884,0.49234919759543283,3.127056761572843,True
5,1,4699.95686792055,0.5014276836887365,0.47424821022688607,3.139695408970742,True
5,1,4716.823767066395,0.5016675379222505,0.48118547473870177,3.18602780629602,True
5,1,4732.9559443947155,0.4989512815198421,0.47483090960369384,3.1626842173287804,True
5,1,4749.937679159515,0.5020008373617889,0.4864240834877829,3.086159963729431,True
5,1,4766.888044346931,0.4936179985047333,0.4960755852282824,3.1425460250046844,True
5,1,4783.466487442113,0.4876443649193148,0.4841680333791003,3.093919128594263,True
5,1,4799.839689426616,0.493836828266402,0.4916114522609588,3.1002395112431267,True
5,1,4816.497894994743,0.5001941743008113,0.4692634102950247,3.1036942365203997,True
5,1,4833.188200561057,0.47065914468838926,0.4605972118050332,3.184975171891017,True
5,1,4850.054389728896,0.46935330207639564,0.4706661000746901,3.208580954828139,True
5,1,4866.7329081302805,0.4643369761497263,0.47570694097520483,3.2521450622133745,True
5,1,4883.063824551527,0.4835240242342672,0.45046187972361,3.176014647785462,True
5,1,4900.253351314733,0.48063484143419777,0.46287369346682256,3.1550813409010674,True
5,1,4916.3521358914795,0.47000191940136177,0.4856360314263544,3.1226628744471228,True
5,1,4932.98799892226,0.4686943709464819,0.4594324878132054,3.064184103374058,True
5,1,4949.851845265631,0.44028662471421215,0.45065211383406517,3.0845333457980595,True
5,1,4966.548329589659,0.4707924893540825,0.46482457683343203,3.197805667890485,True
5,1,4983.053053285117,0.46328374269138295,0.468290728169168,3.1255249958020688,True
6,1,-0.15029738144783703,0.5023587082467984,0.55602342814999,3.3012890390780636,True
6,1,16.399303521320125,0.5103655656245654,0.5695749554261011,3.3377571820734513,True
6,1,33.50754507418247,0.4835035354057932,0.5508388495573353,3.3604768782935848,True
6,1,50.33891018581645,0.5152355619160115,0.5496101805986049,3.2542306903694795,True
6,1,66.26024098512875,0.5066835836915494,0.5616828449570285,3.379178951585819,True
6,1,83.28771409319437,0.5098233251964919,0.5501387354158079,3.36722644385403,True
6,1,99.95033674682645,0.5131523367415562,0.5579796910805694,3.310085209132214,True
6,1,116.1720250487591,0.5029987981176948,0.55730927196942,3.314841816406385,True
6,1,133.89172807786215,0.49837058324870953,0.5462688532242275,3.3240635184533858,True
6,1,149.738701816328,0.5302941525942295,0.5609237942501645,3.3764932875378486,True
6,1,166.33059592660584,0.5277453193507211,0.5628974611350082,3.3311888986253124,True
6,1,183.49644752631062,0.5515906946847667,0.5716861942490281,3.3158636807981727,True
6,1,200.4986914428335,0.5484989122037794,0.5473437979765368,3.3575333456428362,True
6,1,216.53103203478713,0.5309109465285835,0.5521768043891833,3.3566211176767515,True
6,1,233.4783480671345,0.5173323489142984,0.5652575050511476,3.3044724910047725,True
6,1,249.9557623327403,0.5393219033406863,0.5463873986853321,3.3751161364134608,True
6,1,267.1618221123216,0.5470388940372016,0.5443098146161667,3.3764663683771654,True
6,1,283.2665039748707,0.5413698022705015,0.5387298403596402,3.3723758470834824,True
6,1,300.1320159569408,0.5314422578874264,0.555347253208383,3.3789325523946787,True
6,1,316.6593308046221,0.5405350704517856,0.5396589536773265,3.31322862276038,True
6,1,333.0427865129802,0.5621234606519518,0.5488569316874815,3.35515894840231,True
6,1,350.05285145738986,0.5421618030777187,0.5462107244799765,3.304078364351173,True
6,1,366.47811162536465,0.5516656287332803,0.5441186663793018,3.367685742009307,True
6,1,383.5576530514709,,,3.3507295948037497,False
6,1,400.23660213994475,0.5390693057369643,0.5433874867540156,3.3521006523229824,True
6,1,416.26246523942217,0.5584546574137397,0.5500148450152024,3.4256765058880494,True
6,1,433.22582780123463,0.556368470215065,0.5521176493387671,3.3236715275547994,True
6,1,450.15794323180955,0.5610237731189868,0.5465604161312348,3.3717464006757396,True
6,1,466.7467452600366,0.5751852337052302,0.5459400991539954,3.412280924298126,True
6,1,483.0061783435839,0.5604568441151654,0.5441533183064167,3.4041428211119853,True
6,1,500.27582432846106,,,3.3824645854910584,False
6,1,516.524869237086,0.5671525978190834,0.563183500695247,3.325227669063282,True
6,1,533.3703951549088,0.5682176070467305,0.5233907593858877,3.361625672736978,True
6,1,549.7523373992169,0.5752509422190412,0.5386626152988779,3.3336732316546858,True
6,1,566.7629863536409,0.572917671101247,0.5448038125735343,3.3809439533599064,True
6,1,583.7081856359769,0.5690629545083445,0.5366699642379984,3.4126900136303435,True
6,1,600.3041389409349,0.5796204177727943,0.5276217014221006,3.407031946220293,True
6,1,616.6660883418982,0.5606958348854163,0.5359430170656003,3.476095615507348,True
6,1,633.1448698952905,0.5641651356296934,0.526965577339674,3.436750671463222,True
6,1,649.9621933264659,0.5688035109430265,0.5384854960394415,3.382490782134677,True
6,1,666.5574656431153,0.5737088996238829,0.5213370516263722,3.365466050874219,True
6,1,683.243984909378,0.5738350659161662,0.5360462527293696,3.494712026786311,True
6,1,699.9031511822221,0.5760999870929275,0.5184379222626626,3.4638472341025954,True
6,1,716.9312725863113,0.5677919580192543,0.5154432370094927,3.465305975965894,True
6,1,732.9444062990101,0.5750436869295315,0.5109389960981178,3.4290565372863147,True
6,1,750.2493977577965,0.5860046496838938,0.5197939382542173,3.4048876171324776,True
6,1,766.59123077604,0.5875414605708348,0.4929953747082832,3.39714400971054,True
6,1,782.8284149387493,0.5758675387049338,0.5020689080558993,3.4514172732158332,True
6,1,800.1093612543601,0.6041212036751848,0.5138816447469233,3.443028731858514,True
6,1,816.5997345713872,0.5733400781223985,0.5338057073202257,3.3377557680253154,True
6,1,833.2758886167092,0.583649684083113,0.5193931171409052,3.410181310590884,True
6,1,849.8153807571812,0.5781516552011083,0.515268312819114,3.3765786317831608,True
6,1,866.5639830621787,0.5586829220472628,0.5035418876367302,3.464415794643251,True
6,1,883.8690388974037,0.5604997886048881,0.511704052904464,3.4508594434449655,True
6,1,900.0702249146321,0.5948417857595284,0.49250836575376195,3.412996070458397,True
6,1,916.3966342344963,0.581167708148498,0.5044784443401004,3.500902016249939,True
6,1,934.243010659677,0.5779444507169079,0.5056896300651215,3.3790606251580084,True
6,1,950.6018429416935,,,3.365826065404179,False
6,1,966.7527038180325,0.5808463617906502,0.49246457646221065,,True
6,1,982.990196809789,0.5790865789456178,0.48701450731827867,3.425911419650941,True
6,1,999.8651442628615,0.5606169346014542,0.5075587504472701,3.306683955181336,True
6,1,1016.7840293854954,0.5743286512987731,0.48773750085523987,3.4032188334305573,True
6,1,1033.1519425403587,0.575713062664364,0.49172747479863754,3.444814529843461,True
6,1,1050.2063907000154,0.5574853709505911,0.49854354218138613,3.4256828350554924,True
6,1,1066.1634909022255,0.5727738394457531,0.4772028192816758,3.3660705887622604,True
6,1,1083.8994898351382,0.572816520545769,0.47244937665902675,3.4079497457424788,True
6,1,1099.8313808096095,0.5682043866792602,0.4708478737851102,3.4630832585333184,True
6,1,1116.3542276687847,,,3.514054701220219,False
6,1,1133.4967486894327,,,3.397717035356388,False
6,1,1149.4301240839566,0.5592068847783142,0.48029090935013374,3.4582124686234135,True
6,1,1166.524007250929,0.5591293630696088,0.48426591057200596,3.4364735440765686,True
6,1,1183.4722587818353,0.5400455421504439,0.47760678282565244,3.45064862631439,True
6,1,1200.1220897621167,0.5567458925544095,0.4616464210206277,3.431273529288835,True
6,1,1216.2403645477505,0.5564463790266072,0.4629863166324572,3.406675903964953,True
6,1,1233.7150091392375,0.5386235351154018,0.47948710019356133,3.433561099147431,True
6,1,1250.0732991425302,0.5426661722425129,0.4537743200833385,3.4029047962703465,True
6,1,1266.7941954331523,0.5451190072543434,0.4517345458944189,3.511664348982304,True
6,1,1283.0648576761705,0.5424180340490034,0.44309886145260685,3.530938168287134,True
6,1,1300.5766831995677,0.5355831331892605,0.46352076089438876,3.4650889804558846,True
6,1,1316.837248065167,0.556901214352442,0.4494074877372395,3.403631475839565,True
6,1,1333.1722410674145,0.536955708303692,0.47187777438232215,3.4721098631731686,True
6,1,1349.8810915886488,0.5232587894602297,0.44730437875664475,3.4486991198112262,True
6,1,1366.7043326822684,0.5359458832198244,0.4390882039816872,3.4276672162652133,True
6,1,1383.006970430689,0.5338571356833749,0.43437925838256053,3.379848989908059,True
6,1,1400.0841747834495,0.5327038374492953,0.45791384108568955,3.449251992973022,True
6,1,1416.4098718473506,0.5270216621037129,0.4704134042277044,3.4953885997428653,True
6,1,1433.38656053338,0.5256068102762904,0.4471638270119945,3.470271578308778,True
6,1,1449.925426336388,0.5285284933219132,0.43536270253296955,3.3564004423293756,True
6,1,1466.5088023152048,0.5124736155257107,0.4572289024709525,3.3938882342858983,True
6,1,1482.93499697815,0.5146291717172182,0.4508071475928362,3.3869718999720844,True
6,1,1500.1375905008058,0.4929403218734031,0.4474552551616682,3.439022291565439,True
6,1,1516.0315368457875,0.5019285381467923,0.4598594567656974,,True
6,1,1533.3662387777224,0.5116427379645723,0.433859080303248,3.452392316245797,True
6,1,1550.2757112056122,0.503272436951425,0.4462336912023444,3.43516999141618,True
6,1,1566.776808509127,0.5073256962839169,0.46604911899247775,3.466581340392836,True
6,1,1583.6258481457207,,,3.4728380122617213,False
6,1,1600.2306552963723,0.5135809936626959,0.4495830922351055,3.435448463885295,True
6,1,1616.6827439410524,0.49063133105509493,0.434691178724925,3.3925470906228603,True
6,1,1633.2446851118184,0.48833136047962267,0.44305142206155546,3.407425124392333,True
6,1,1649.542083130663,0.48516103312191217,0.4372054539972489,3.409195494611691,True
6,1,1666.6678435698743,0.4798028885975982,0.4351855184403206,3.4058482675165203,True
6,1,1683.409468209062,0.4876168937317789,0.43996311283296813,3.5105468271936826,True
6,1,1699.3988841943872,0.4727593574925877,0.43142405856400456,3.520805320472438,True
6,1,1716.668721750869,0.48300408556223434,0.4472288875608916,3.409994400023877,True
6,1,1732.9980345428617,0.4852357737212546,0.45198703098679266,3.546744166802805,True
6,1,1750.1024222479004,0.4825436535658011,0.4359417959468491,3.411827474826978,True
6,1,1767.0087050272364,0.4711054960800834,0.4514548084385332,3.4322352195326755,True
6,1,1783.5217660192304,0.4600729745688843,0.4470613018469018,,True
6,1,1799.7755104322323,0.4699237440748869,0.4461233840420581,3.445330031963178,True
6,1,1816.6231981297306,0.47420166854437956,0.4360435710643947,3.4542365307205545,True
6,1,1833.4672726590939,0.46797786246935225,0.4235228065659281,3.436981858788106,True
6,1,1850.069551905204,,,,False
6,1,1866.8892452090984,0.48222592231680894,0.4348873049506244,3.5080453485052496,True
6,1,1883.6225943601457,0.4584671179742322,0.44911871200248604,3.425092941180538,True
6,1,1899.7817024565393,0.44281885734452237,0.4380107421088124,3.4361445749300903,True
6,1,1917.1896970338871,0.43502447383869225,0.43984061460505774,,True
6,1,1933.3394630381752,0.4524549009792307,0.44751463497870214,3.43970668692506,True
6,1,1949.9390570501414,,,,False
6,1,1966.8920007855495,,,3.4530834515018247,False
6,1,1982.8860631989264,,,3.505821013558082,False
6,1,1999.939354662887,0.4390813763029672,0.44566384657364994,3.383958739756291,True
6,1,2016.3730267521064,0.43950629678828146,0.459812687452436,3.3765797703194247,True
6,1,2033.276165873415,0.4520054922354383,0.4417875133533159,3.425885792503032,True
6,1,2049.8914350768,0.4312562185232966,0.4430002817112136,3.427157398680089,True
6,1,2066.5108795396427,0.41359125484567366,0.4350405896316031,3.49404201589295,True
6,1,2083.092670483199,0.43724859940341715,0.44920365678002366,3.3553025730328616,True
6,1,2100.1630892171092,,,3.410488812500901,False
6,1,2117.0981468557384,0.41153136653925715,0.4272410926227018,3.452010756090825,True
6,1,2133.073241835879,0.44773394808247025,0.4485188849721693,3.417908145087574,True
6,1,2150.0797112873192,0.4216622844386519,0.44977163806154796,3.441927052751736,True
6,1,2166.400647873493,,,3.467862064417014,False
6,1,2183.654764669061,0.4342769212127122,0.4587825839809401,3.38497380966571,True
6,1,2200.480265651778,0.4220796715285262,0.46066953491836715,3.4720431245108156,True
6,1,2216.256006502255,0.44191004907558995,0.43626926336326693,3.436234707175067,True
6,1,2233.4650130981436,0.40389600657158214,0.4462513282378069,3.4255498865078504,True
6,1,2249.8884068978473,0.41955388811328864,0.4663555869541701,3.3990980045155594,True
6,1,2266.791956805926,0.43306065763755114,0.4605139062969045,3.44178597098518,True
6,1,2283.7993119084304,0.4318817139546235,0.45912300214572266,3.395090408035616,True
6,1,2299.8369682874686,,,,False
6,1,2316.062874850804,0.4075503214516059,0.47615494028702016,3.454200427162489,True
6,1,2333.653632066462,0.42972922057829493,0.44470741692712684,,True
6,1,2349.9434622395493,0.4318201683535839,0.4434631670420737,3.42582202194773,True
6,1,2366.8713074322573,0.42796841969302235,0.4764299368955718,3.365750238211414,True
6,1,2383.4183044253055,0.43525484303725065,0.4588729131986351,3.3051706138118315,True
6,1,2399.709749750747,0.416140531124846,0.46532194141895694,3.416252269286541,True
6,1,2416.771223180887,0.3942174879041729,0.4554285413336628,3.3981132873604603,True
6,1,2432.990748304495,,,3.366442102598681,False
6,1,2450.25789848969,,,3.3763629935873514,False
6,1,2466.701336908485,0.4125808375001845,0.46819611731096655,3.475506435265186,True
6,1,2483.65301548449,0.42334647493771616,0.4647836372246473,3.36720354352984,True
6,1,2500.308714312676,0.41992566668785075,0.49047089996406373,3.3330999841575046,True
6,1,2516.5250756785877,0.42900831506558346,0.4814195923391676,3.3984381854753267,True
6,1,2533.9896063536958,0.43575229712469654,0.4823642527526857,,True
6,1,2550.2263201956125,0.4182121983033693,0.48324523238751127,3.4114400282687183,True
6,1,2566.3883871131115,0.4312110955496004,0.4871456046180267,3.33606426460428,True
6,1,2583.26923899128,,,3.322542430130714,False
6,1,2599.8767437845413,0.4195120174413521,0.47578383199594265,3.334179941315858,True
6,1,2616.8646743412705,0.41045830847104314,0.4930492244708426,3.3269209325267357,True
6,1,2633.4903891057097,0.43190458489283046,0.4944472810545346,3.4145995743803765,True
6,1,2649.6112285225636,0.4436659363320951,0.4913518405140031,3.373615635178249,True
6,1,2666.9845735754675,0.4375009222767911,0.5071570432358812,3.349510063948051,True
6,1,2683.245304154025,0.4481730636988599,0.5013046087460397,3.363217069865772,True
6,1,2700.1559335515294,0.45018952348811114,0.4941732555415067,3.287880071277623,True
6,1,2716.50146296598,0.4401214375850164,0.5048866470507649,3.3975167186536748,True
6,1,2733.3397994814836,0.4606881109196116,0.5020721857670903,3.3810082807885227,True
6,1,2749.770413714724,,,3.346878045942224,False
6,1,2766.7944161279856,0.45314365901741416,0.49909693394893684,3.313649758831433,True
6,1,2783.48526894712,0.4463230636013613,0.5016691847892643,3.3869420632255123,True
6,1,2800.0295535216173,0.45432193631712686,0.5099320357757745,3.381176900537357,True
6,1,2816.5475975783675,0.4454681203218773,0.49702901601369903,3.341044048544063,True
6,1,2833.1271104538296,,,3.333135699726796,False
6,1,2849.926652344087,0.4552163842352851,0.48963092370944233,3.3512402236555547,True
6,1,2866.7720023509933,0.46127314928290614,0.501796508245798,3.3418987015228585,True
6,1,2883.1122305014346,0.4729184327637868,0.49663200338488145,3.289456107428802,True
6,1,2900.24974324595,,,3.3459970982790157,False
6,1,2917.193019570944,0.45917514089060846,0.5228464734389802,3.3501530775907624,True
6,1,2933.4819527924346,0.45601072591364544,0.5299834936195318,3.3372869430827223,True
6,1,2950.045739485595,0.4635271805652503,0.5162945972693695,3.3285331026781506,True
6,1,2966.721746179446,0.48202912031929684,0.5169971163643816,3.319978161993567,True
6,1,2983.6665534628355,0.4793630380502765,0.5228068095758905,3.2131834488485174,True
6,1,2999.927730402663,0.46708501971329136,0.5165078777525074,3.347602842930082,True
6,1,3016.7999611424766,0.4889546760270631,0.5295080616792953,3.2086103824638594,True
6,1,3033.692297687497,0.48565536801426107,0.5318631176974851,3.323425723825952,True
6,1,3050.0420584459785,0.49038012258838304,0.5453057640571414,3.252625193897316,True
6,1,3066.494385413106,0.482441605500509,0.5436608943219748,3.349603272842208,True
6,1,3083.09071875755,0.49633710910995865,0.5494641418699371,3.3031886788859564,True
6,1,3099.9773467872274,0.4960427042938941,0.5201049191428516,3.3615755991358847,True
6,1,3117.1476247319447,0.4887492161059174,0.525780798752502,3.2931572540977023,True
6,1,3133.6664681818065,0.4982620416891775,0.529927972057798,3.302174613416702,True
6,1,3150.0262334922013,0.5053066108844971,0.5418380531142127,3.3628199614376295,True
6,1,3166.875472982282,0.5164089574015565,0.5273569995497688,3.2606176192418967,True
6,1,3183.512344564158,,,3.304441064629934,False
6,1,3200.4071266395044,0.5126429121172252,0.5323517608024154,3.3203612804915816,True
6,1,3216.3991186146245,0.5193986255272767,0.5437993257168522,3.3425113442640737,True
6,1,3233.8796339771834,0.4987269418557031,0.5503799820402202,3.3011990072125412,True
6,1,3249.6691452933496,0.5273112635595758,0.5398173085722133,3.2716897884048257,True
6,1,3266.356985748065,0.5330321964483833,0.5512674037535196,3.2850181996287597,True
6,1,3283.4879713323094,0.516731423388305,0.5467856789702076,3.3095316343768237,True
6,1,3299.9714575632306,0.5211039289990191,0.5517446531383677,3.3481960362891723,True
6,1,3316.6302867034997,0.5053800805231888,0.5469786487371804,3.2651887165338467,True
6,1,3333.0919689825496,0.5304667144870613,0.5518095152283767,3.2582956217265724,True
6,1,3349.889676755324,0.5295462335380189,0.5530958061818636,3.3137271670251542,True
6,1,3366.7291308288345,0.537461053995264,0.5574039867339409,3.2907136812988504,True
6,1,3383.272658617097,0.5409100142918467,0.5587403573570568,3.245257348256438,True
6,1,3400.005568389384,,,3.2646003615280392,False
6,1,3416.5566415375306,,,3.2560513964110807,False
6,1,3432.8161583265446,0.5537772132990851,0.5550543892403309,3.248810488281442,True
6,1,3450.1295604025563,0.5443043486342012,0.5630462680550042,3.1897315254550302,True
6,1,3466.1947890202664,0.5333929054276757,0.5515495865923491,3.2652811141262155,True
6,1,3483.111645097285,0.5512087039375647,0.5361955084956044,3.2920375391607766,True
6,1,3499.9302378435546,0.5422513774667572,0.5389832176594276,,True
6,1,3516.5906553820546,0.5495601173250368,0.5541127380967898,3.205920324338235,True
6,1,3533.1297057432835,0.5397137228847015,0.5541752841750431,3.2211401592210613,True
6,1,3550.0125822760997,0.5620718203019957,0.5782300076148285,,True
6,1,3566.3109396265763,0.5578342061170515,0.5564444240107642,3.256694975352573,True
6,1,3583.26043929946,0.5549714456214861,0.5587274474571573,3.2339408450146885,True
6,1,3600.2112039411963,0.5645714110537544,0.5423787035477293,3.2621542862421666,True
6,1,3616.4627223713214,0.5775228462361631,0.5382901585646418,3.1999848487435387,True
6,1,3633.380183487856,0.5664464165787686,0.5584748697292128,3.2398003975018677,True
6,1,3649.7277367793426,0.5762819155536799,0.5618424596173038,3.1536975163130365,True
6,1,3666.6296011603727,0.5608987667139113,0.5522228699814923,3.1686775810599332,True
6,1,3683.2947998420186,,,3.239645973612957,False
6,1,3699.822645343398,,,3.2550537401540645,False
6,1,3716.739147775384,0.5757874162491481,0.5562310815187046,3.2387903781619856,True
6,1,3733.170688124083,0.5718192320020701,0.5542163556020271,3.2028315133229928,True
6,1,3750.364232500575,,,3.1954682976400273,False
6,1,3767.031952911221,,,3.2837299369886663,False
6,1,3783.2704850368355,0.5769087527255387,0.5458140540707147,3.218494776935892,True
6,1,3800.1818665801334,0.5683228584247646,0.5767095654718307,3.2456065806630736,True
6,1,3816.7821982755,,,3.252254223334997,False
6,1,3833.5927339769614,,,3.154567937148823,False
6,1,3850.1301250848755,0.5779382899775075,0.5472208551883395,,True
6,1,3866.3684145445604,0.5780307342472377,0.5567988003472953,3.1671848846993975,True
6,1,3883.262419505371,0.5741759233067139,0.5456318494152862,3.16514236120693,True
6,1,3899.84203987774,0.5769031982329202,0.5430014468415821,3.1814966566193323,True
6,1,3916.975456065899,0.5898321503138123,0.5468648631855857,3.1590653405632567,True
6,1,3933.558971705662,0.5802224229303226,0.5663229858758839,3.204617083555844,True
6,1,3950.100733386672,0.5904679079220357,0.5466772399650428,3.1911951174494564,True
6,1,3966.807598229161,0.5811183059593888,0.5421206123122361,3.1645460242605004,True
6,1,3983.3027513558895,0.5844927238493791,0.548078883286465,3.2090033768587847,True
6,1,4000.03759604413,0.5856309055545215,0.5511224607965798,3.20524698610773,True
6,1,4016.6053308942624,0.577727560088205,0.5572527683418739,3.1474592092860965,True
6,1,4033.3737226103744,0.5769908207816439,0.5396038365492624,3.12862404987524,True
6,1,4049.9806481079063,0.5958105870995793,0.5455651638421012,3.2187278237207084,True
6,1,4066.3616121017917,0.5659942119669295,0.5385318028248228,3.2750255820494782,True
6,1,4083.9971863413894,0.5740827687657479,0.5550582557575114,,True
6,1,4100.124292767864,0.5565940126883985,0.5316729242846638,3.1317269520065816,True
6,1,4116.652438933592,0.5556471153020424,0.5299611680506159,3.1445912456349783,True
6,1,4133.831690175676,0.561402549730875,0.5388558400217469,3.124112091665295,True
6,1,4149.805616433831,0.5588205341554445,0.5282282914261625,3.114322829577739,True
6,1,4166.7099285538425,0.5795430256771954,0.5333026830097499,3.119652507107281,True
6,1,4183.033945923197,0.5867708657839781,0.544118857755193,3.1198987745239024,True
6,1,4200.179171367321,0.5806732879517998,0.5320045105000699,3.160458034774936,True
6,1,4216.463848002366,0.5646111202190155,0.5431763148897397,3.0416619118559014,True
6,1,4233.1007148669405,0.5749880435838234,0.5331712822834992,3.1245623722299674,True
6,1,4249.910179105764,0.571357657389789,0.5225287472406397,3.162567071067759,True
6,1,4266.510481033514,0.5556195062231815,0.5287844663684628,3.2320052481738903,True
6,1,4283.042643599782,0.5651131301027066,0.5232668391333236,3.13904262661645,True
6,1,4300.220083737551,0.5600856657616072,0.5212008048919652,3.1508543312159145,True
6,1,4316.834071139944,0.5515036153622682,0.5254415083141492,3.2018933706287354,True
6,1,4333.074298063325,0.5589294647215896,0.5206241326726613,,True
6,1,4349.698558643154,0.5348837662999623,0.5181581071500113,3.19413103903483,True
6,1,4367.0490261283985,0.5568671137869289,0.5239944956964282,3.1822932131692587,True
6,1,4383.664914063923,0.5489555945436669,0.5185100795889007,3.1837988803907127,True
6,1,4399.780074513742,0.5388680510164235,0.5204732169381968,3.1604998335181747,True
6,1,4416.391552718452,0.5415150419092221,0.509807483143596,3.215796713825564,True
6,1,4433.1286792642995,0.5388303943379116,0.5404904133736319,3.169755941651002,True
6,1,4449.904898443457,0.532192328095159,0.5202832947109406,3.1089558958856953,True
6,1,4466.554717564002,0.5296645978856795,0.5251774975849504,3.1110720387801085,True
6,1,4483.689113982792,0.5349596477947428,0.5121258721220334,3.1344085155042585,True
6,1,4500.433282516117,0.5421145553340821,0.5178250792844747,3.1640170418273277,True
6,1,4517.043880852001,,,3.2084393515847642,False
6,1,4533.38811996314,0.522538618687719,0.4898271219417718,3.1802219908288607,True
6,1,4550.144581422511,0.5266583090415421,0.501174417882472,,True
6,1,4566.579793443084,0.5103274916495129,0.5022247737799812,3.1790896445166172,True
6,1,4583.2517641867935,0.5207458527834408,0.5018349504943546,3.1254844380331814,True
6,1,4599.721443244896,0.5060915527175331,0.5164267072659763,3.1618232758017153,True
6,1,4617.110532759761,,,3.0925108147733757,False
6,1,4633.547434530352,0.5043715373911623,0.4962831635748376,3.1665308547049453,True
6,1,4650.095307945021,0.5176902321839641,0.4886350052242148,3.1772944810885178,True
6,1,4666.524322876094,0.5139124637405109,0.4893376098719325,3.1945440352607495,True
6,1,4683.539047860261,0.511245403299874,0.49365220891893963,3.138300579138575,True
6,1,4699.950066445816,0.50495161553591,0.503226088505812,3.0920462255504915,True
6,1,4717.170636835145,,,3.16254063357741,False
6,1,4733.285351167345,0.4986627517312151,0.4915629306479872,3.151895685213259,True
6,1,4750.3898973845,0.5010162296428662,0.4639420654469341,3.1206579200417703,True
6,1,4766.508858425921,0.5042478123011848,0.4696349727011836,3.1672314232039147,True
6,1,4783.346310651861,0.47796519886265343,0.48897451611380766,3.133758001289174,True
6,1,4800.062533142399,,,3.164961263810255,False
6,1,4816.245160306754,0.4824824682341645,0.4571479890032476,3.090605296521118,True
6,1,4833.301195514084,0.4654140490228794,0.4735350404912089,3.100508260868941,True
6,1,4850.402227786758,0.4711331400890063,0.47458027768216465,3.162659368258988,True
6,1,4866.871227052749,0.46999125208859566,0.4623081433924603,3.1563367822748405,True
6,1,4883.5302494919015,0.47937973360831543,0.47633266470753527,3.1853693168652746,True
6,1,4899.9914326650705,0.4808244002145687,0.47140966106162563,3.175291673051222,True
6,1,4916.627081460421,0.46906986727170275,0.46901052185683473,3.151113735575921,True
6,1,4933.467087027157,0.4676318883830292,0.4805565178125459,,True
6,1,4949.7881433188495,0.4627674384843134,0.4483491340210896,3.147639851966141,True
6,1,4966.842978015801,0.45142994303695294,0.46571334379492263,3.1362820563576994,True
6,1,4983.07147825482,0.4598828951296354,0.47061858536566764,3.083664226165748,True
7,1,0.14886912250196244,0.4935870231378134,0.5660139483683835,3.324812388237645,True
7,1,8.413601024942754,0.5135420880977937,0.561510627507061,3.3040596750234767,True
7,1,16.676185801392773,0.5135597047816197,0.5546781472060615,3.3944643199247126,True
7,1,24.89859555396396,0.5144341541404465,0.559452401390016,3.2432214303212437,True
7,1,33.28607885442194,0.5140610453550813,0.555704786769216,3.324729756107501,True
7,1,41.44134259279442,0.5207485240219071,0.5544044581596587,3.2670379676487684,True
7,1,49.85050085569906,0.5191260775579305,0.5652442273202097,3.302138053518948,True
7,1,58.339096672491365,0.5194382845742016,0.5624557075495642,3.3130374476868973,True
7,1,66.5905869548151,0.522047064754483,0.553858638678885,3.311872900444559,True
7,1,75.0702613104963,0.5230664015506464,0.5631100373775909,3.3353579745451443,True
7,1,83.27610767089307,0.5340953584676362,0.5569004000994136,3.295265554685592,True
7,1,91.86451398212064,0.5258457358206372,0.5625107543370761,3.331368720702075,True
7,1,100.30530168620137,0.5297974302461113,0.5489545984291678,3.306195820652037,True
7,1,108.08414979847775,0.5402973100622046,0.5627761506533626,3.321015641609645,True
7,1,116.53973101764272,0.5371135912386337,0.5489953735597872,3.355248738726995,True
7,1,125.27747110468368,0.5409042553416884,0.5496171242149666,3.352507275069669,True
7,1,133.37863009343508,0.539971349032823,0.5582744661606952,3.2998639529722515,True
7,1,141.59936717952604,0.557541689641108,0.5591308480705232,3.418613301887743,True
7,1,149.95937623996358,0.5519290000162469,0.553637365256918,3.307038495508979,True
7,1,158.6048110393785,0.5455809941359301,0.5483736605412796,3.3098567946465174,True
7,1,166.57205051819358,0.5535399441380546,0.5567580162552029,3.288047464875503,True
7,1,174.93815645018557,0.550009393389436,0.547440494077165,3.3824217043532645,True
7,1,183.1104887990728,0.5398920328440766,0.5501182740956416,3.4023847334178052,True
7,1,191.87440826635128,0.5513997081157209,0.5488268633184178,3.4302824910625667,True
7,1,199.99585975136722,0.5525068512297439,0.5526049958143807,3.427388263389266,True
7,1,208.30693631890105,0.5481677504047142,0.5549958384767946,3.339250384649248,True
7,1,216.50735333487725,0.580470302314235,0.5481143553881002,3.367816619801408,True
7,1,225.0724881967109,0.5659443208318552,0.551915642554649,,True
7,1,233.31914374720785,0.5589170134948751,0.5460656897575754,3.3405431964628014,True
7,1,241.5665088576644,0.5685290486397286,0.5533420273535269,3.2716534821332637,True
7,1,249.99996982368353,0.576290287500225,0.5553684707800876,3.3746264777899038,True
7,1,258.3930235414576,0.5744336636985398,0.5474558420644076,3.392120801879535,True
7,1,266.72811097959817,0.5770128873152705,0.5406820536084866,3.283741983208392,True
7,1,274.8809721115297,0.5702216255701279,0.5287867046067278,3.3738244668359707,True
7,1,283.3932565270372,0.5697048263306843,0.5370558113404637,3.38290131081948,True
7,1,291.86718784224917,0.5789256099712474,0.5357319049680556,3.4342810462238877,True
7,1,299.97765138214663,0.5714403411573858,0.5322863503479327,,True
7,1,308.2468789398552,0.5813968204867712,0.5278046136090851,3.386557684751847,True
7,1,316.7070098771552,0.5746890139274602,0.5289516051068596,3.3980579879930355,True
7,1,325.2363419258917,0.5780724524156653,0.5279732459314246,3.3537626586587654,True
7,1,333.364888549717,0.5761104885005043,0.5220558311012821,3.3247310079575456,True
7,1,341.604211620227,0.5792931540670048,0.5276437010446092,3.4054204463014583,True
7,1,349.8227880388215,0.5941850102410552,0.5305885862472756,3.4059303752164727,True
7,1,358.4028475618888,0.5857822288634684,0.5086375597975432,3.4115841589340787,True
7,1,366.743540762162,0.5842763103624871,0.518227859605063,3.434830318873258,True
7,1,374.89367907564264,0.5716423670374062,0.5276330785767601,,True
7,1,383.06520246065895,0.5838615025092793,0.5129996954422471,3.4524126411349307,True
7,1,391.65051818115023,0.5766313760560048,0.5241091396567022,3.396021915991439,True
7,1,399.910594801625,0.5801126633176179,0.5088141803722499,3.3847676273122436,True
7,1,408.1806540873936,0.5767591121451018,0.510890998731173,3.3872747081733405,True
7,1,416.66940373809547,0.5787376508106977,0.5127364520554273,3.3819335965418533,True
7,1,425.03224891602946,0.5837192919634899,0.5004111623217957,3.4318621693057607,True
7,1,433.1283803579925,0.5818280450357401,0.49981708556942384,3.399958834054008,True
7,1,441.6496802613875,0.5763232593130664,0.503943568614124,3.3983371637734074,True
7,1,449.90500309811654,,,3.39518721557338,False
7,1,458.39405160471625,0.5744624723781386,0.5014680990094027,3.408659771312657,True
7,1,466.7579775750275,0.5887626083132776,0.5018764069106725,3.4207367668946684,True
7,1,474.87402927957083,0.5776945794513884,0.494473902761182,3.3627712054955126,True
7,1,483.1152891005371,0.5714991751020734,0.5049790434458803,3.476234563718508,True
7,1,491.8464224297382,,,3.401763766270289,False
7,1,499.94648895776305,0.5787149286279537,0.49777596925101214,3.4627081069872165,True
7,1,508.2754313043411,0.5709779367970641,0.48040534915950733,3.4101015317733827,True
7,1,516.7258168546622,,,3.381260854965311,False
7,1,524.8616800766822,0.5658046751781521,0.48169827522265324,3.539835997729437,True
7,1,533.3312457925742,0.5674504265927607,0.4868351538634273,3.444304511663557,True
7,1,541.6880042761087,0.5701596996856632,0.48658313682929455,3.3982687196581334,True
7,1,550.2969853188339,0.5807895163557224,0.49038021039774027,3.3935167122405754,True
7,1,558.1133573274318,0.5551844706290952,0.4796433128130144,3.4390549703744187,True
7,1,566.4280367708091,0.5578191590223748,0.47603146896865955,3.45395285505652,True
7,1,574.7268455943008,0.5606048776741392,0.4785949491988945,3.4374851343705677,True
7,1,582.9996989439976,0.5615354977114843,0.4755004022786643,3.347510976326821,True
7,1,591.8649066025869,0.5575300182359195,0.47530617614886955,3.4171947134643696,True
7,1,600.0189950456695,0.5580719186454598,0.46793937011756165,3.437264296557184,True
7,1,608.3503522681428,0.5584141438936016,0.4721489048869769,3.433791767554012,True
7,1,616.6085834634189,0.5558549804014711,0.46617448181390697,3.4027493014652976,True
7,1,625.1023521874787,0.5462653475039134,0.4689741442280848,3.4572553274030815,True
7,1,633.4716258026124,,,3.4473685441115003,False
7,1,641.5735991100025,0.5473054430263075,0.4678002385004398,3.4506493439412265,True
7,1,650.0548853352875,0.533320634507968,0.4618924223343786,3.40994999140991,True
7,1,658.3664705518545,0.5449208262983153,0.46699252836721905,3.4209528364418964,True
7,1,666.8561950451568,0.5391910438001033,0.46650956343773603,,True
7,1,675.1024392069212,0.5309794954331789,0.4722635359059801,3.383803799006209,True
7,1,683.3574818989982,0.5270071255320722,0.4503617536279872,3.505682126639299,True
7,1,691.8478815205957,0.5340574462915301,0.45397667136544834,3.4622592208522134,True
7,1,699.9740935910227,0.5195792942899077,0.4609176294343004,3.425357630796384,True
7,1,708.4231084904351,0.5261505979342656,0.46780819347297947,3.5278280778937186,True
7,1,716.5600983155402,0.525576968072396,0.45429440875804017,3.4560525455517697,True
7,1,724.8594781488126,0.518583616007272,0.4442318633188649,3.433480398955635,True
7,1,733.3719651904045,0.5198371606522516,0.4475488870386983,3.3830710220294065,True
7,1,741.7809121431951,0.5152474012198897,0.4436194775536696,3.4877765943875536,True
7,1,749.8977378843981,0.5112987685034383,0.45115415289868316,3.457378409103112,True
7,1,758.3396362614083,,,3.418271857755286,False
7,1,766.7724024231743,0.5008788628513742,0.44426620345924833,3.4422677680677807,True
7,1,775.1132432011223,0.5059233913696883,0.4526723800816131,3.5253196263983533,True
7,1,783.3885848167325,0.5004164285281896,0.43528599023675907,3.4669349826444966,True
7,1,791.4294293576124,0.49257629142256376,0.45367345731437575,3.5064867856309987,True
7,1,799.8889602191952,0.49558792746171315,0.4354701851012367,3.4958723924547233,True
7,1,808.4520179414055,0.49471801851770364,0.45189344667310066,3.4878263284471553,True
7,1,816.6136604502767,0.49284137150941265,0.4504886681059603,3.405425674455425,True
7,1,824.9166115088299,,,3.435412563901597,False
7,1,833.14678011831,0.4904558882480061,0.4414698883944986,3.4554787681403365,True
7,1,841.6181885841767,0.47720970152315534,0.44347262257824943,3.4397557685525575,True
7,1,849.9564475863154,0.47475679449432473,0.4378655437418425,3.4940964324456973,True
7,1,858.3220443619,0.4810213023870903,0.435320296902778,3.484359077207369,True
7,1,866.7177387457148,0.4804571206854901,0.44615567808725504,3.476925493669835,True
7,1,875.1229084447085,0.4768693355865521,0.4469836349966534,3.458234729121256,True
7,1,883.3267448644668,0.4662612226398462,0.43213944430348783,,True
7,1,891.4426009354322,0.469372147865942,0.4485726077111017,3.4670887823911696,True
7,1,900.01717688751,0.4671191688307656,0.4464152578109122,3.4715378290340975,True
7,1,908.4203131192221,0.45910218097642697,0.44099252075037915,3.3963933990172235,True
7,1,916.8432878609707,0.4619587302629758,0.435282211928973,3.4495866022203083,True
7,1,925.0612192712834,0.45812589320244546,0.44270564647481303,3.419319197898959,True
7,1,933.0937308002109,0.45465112352145975,0.44234434908932246,3.438807816866013,True
7,1,941.7503445463758,0.4511305580697765,0.43679825657433324,3.3800384173190365,True
7,1,950.1584305769669,0.44738757586530414,0.4445308625423913,3.3878088970228926,True
7,1,958.3569757243994,0.4406133367472449,0.4449177684717066,3.461265273936359,True
7,1,966.855586152354,0.4579110713489009,0.4409654443143497,3.4134347997382695,True
7,1,974.9665477588604,0.44874245938959273,0.4347296260506416,3.464587428205373,True
7,1,983.2642245014957,0.43932140223905497,0.43730852229503236,3.428343050297103,True
7,1,991.6193199710997,0.44101637866137183,0.4434364475429649,3.425579721083454,True
7,1,999.9391884155197,,,3.5544178468939283,False
7,1,1008.1880261477087,0.44767521517700737,0.4475393177643716,3.410983234678754,True
7,1,1016.7284892102592,0.442390119013509,0.44480013246622263,3.4528483143258297,True
7,1,1024.937685676298,0.43176826652963235,0.43565428150098634,3.4680918080707226,True
7,1,1033.3147688585073,0.42680038659529546,0.44065829316870053,3.4736922960748595,True
7,1,1041.5452463458269,0.43213375100252904,0.444706714437238,3.41481088079339,True
7,1,1050.2256654163564,0.4225548891965911,0.4457291898888516,,True
7,1,1058.2889681313331,0.41798831314871265,0.4439925103427662,3.4267747558799835,True
7,1,1066.5884801385484,0.4313697388635722,0.4377426995668938,3.3922902573914273,True
7,1,1074.9233763173747,0.4210913695556967,0.4439234465900413,3.4507970248260036,True
7,1,1083.2047488743954,0.42287201759141546,0.44152038294495105,3.4682891499516626,True
7,1,1091.5888941879932,0.4263054542568655,0.44865041185390403,3.442504454430857,True
7,1,1099.9073806523431,0.4264194985742081,0.45058742911984256,3.467173089911837,True
7,1,1108.2159614942664,0.43061023043566765,0.45512949256808427,3.433061546705589,True
7,1,1116.6751140414513,0.42369972971690906,0.4569177393391826,3.394844402294056,True
7,1,1125.0678458603716,0.41222011762689353,0.44750369468004403,3.423299788329886,True
7,1,1133.2137978668168,0.4224597576336015,0.4585660058831041,3.3952222688142824,True
7,1,1141.502118378945,0.4181298564678383,0.4528381761720228,3.38305271174962,True
7,1,1150.1582998342974,0.4124953696010769,0.46355212994419753,3.4421044405065633,True
7,1,1158.3121810778543,0.4256215647342993,0.46941344718000094,3.4211091690636404,True
7,1,1166.575889853372,,,3.385297412771488,False
7,1,1174.9756810965093,0.4225905146518114,0.4657912949233269,3.395028302369942,True
7,1,1183.2515772706386,0.4176493447063286,0.4572956607640818,,True
7,1,1191.7047073733522,0.4185294286586513,0.46377534126898445,3.42177718654044,True
7,1,1200.0516358109578,0.41884823472727273,0.46381002805273003,3.42431829583258,True
7,1,1208.3146925779613,0.4191545319610753,0.47296481459544853,3.35760723781524,True
7,1,1216.5806915294793,0.42693704028228896,0.46333853571436445,3.4705186278049296,True
7,1,1224.8533768766379,0.42739201311923036,0.4584749730964423,3.4183552582287153,True
7,1,1233.234046964167,,,3.40174487657228,False
7,1,1241.7489547900295,0.4237812950281229,0.47117953866771617,3.3780323499042844,True
7,1,1249.9983496460966,0.4179361173503541,0.4783913495456726,3.3974386641859904,True
7,1,1258.4793876874471,0.4153992899808704,0.46952410683407697,3.4710193801150706,True
7,1,1266.5571895293745,0.42714557330324804,0.4825471668501889,3.3495691073717238,True
7,1,1275.0241990622428,0.41784608737637496,0.4671334376736572,3.3589607112308415,True
7,1,1283.3301782087663,0.42247903729524106,0.4862134628739278,3.497542875056873,True
7,1,1291.7322409463702,0.4261530304550151,0.47972586840308074,3.3680787638545997,True
7,1,1300.3064548751563,0.4348647713055667,0.4769170624019198,3.353138165690313,True
7,1,1308.3351774446526,0.42334606540970604,0.47711026212656504,3.3787996731437206,True
7,1,1316.9989589510874,0.4391337492358533,0.4820463027239075,3.353361608234741,True
7,1,1324.9216611764207,0.43406537791353705,0.4843355286373132,3.3773120254167535,True
7,1,1333.3924417403434,0.43622110092969435,0.48499632908054485,3.365147298561456,True
7,1,1341.5660247635994,0.445116944468653,0.49730844117570583,3.3632943938351483,True
7,1,1350.0846502396817,0.44366647086833233,0.496647553193711,3.3644801102755073,True
7,1,1358.266091269894,0.44111966271750014,0.49610921698761545,3.3408052213552617,True
7,1,1366.7708403665695,0.44156537658516626,0.5039612579948818,3.381784923011677,True
7,1,1375.0257530287083,0.44678549974035536,0.5038989986428026,3.326216736483363,True
7,1,1383.301418916322,0.4440092538149411,0.5002123455736344,3.2653513118790474,True
7,1,1391.6117061120397,0.4447269844072319,0.50471665696741,3.400776989606838,True
7,1,1399.8112618681562,0.44988473817034136,0.5144701522245366,3.2939074841172715,True
7,1,1408.453824250008,0.4462400003166784,0.5002611985525,3.27127256905273,True
7,1,1416.8126945868253,0.45397872704790393,0.518507554149466,3.3995294736271826,True
7,1,1425.1463462523163,0.4467000320728434,0.5076595162556594,3.3683885744077746,True
7,1,1433.4402736608838,0.45737335832169645,0.5017107019086386,3.3158939744721176,True
7,1,1441.9115233361056,0.453135177650579,0.5068014421422533,3.3067020285311135,True
7,1,1449.9850313749484,0.46005121532117865,0.5154269332882239,3.3290053539564277,True
7,1,1458.3206371483186,0.47520585700690576,0.5100340745043168,3.3640491397392194,True
7,1,1466.7207099464838,0.4692204709038569,0.5294355179089945,3.3165744911262562,True
7,1,1474.8879770402946,0.4682771324649003,0.5234408215734447,3.35288345867702,True
7,1,1483.4430171939855,0.4718026819616975,0.5223144975739614,3.296996633578349,True
7,1,1491.6389049602565,0.4714811645191242,0.5169989274388853,3.3109760278964715,True
7,1,1500.1107580587482,0.4660272077401438,0.529315183876131,3.3231923753823907,True
7,1,1508.4608386046525,0.4763481848982347,0.5282635885148445,3.3216519007452114,True
7,1,1516.7230693030606,0.4916278628456374,0.5354157372902658,3.2731995311454933,True
7,1,1524.9492474652054,0.4824570208745132,0.5278936262430005,3.3308119814162183,True
7,1,1533.2815150976858,0.49110445135498215,0.5284620452906351,3.269590983630059,True
7,1,1541.7319644477734,0.4904339706959689,0.5270067805140726,3.3549543630728884,True
7,1,1550.1467782495324,0.5005901431767846,0.538823895000324,3.2831508609046884,True
7,1,1558.377712209339,0.5081183700759679,0.5430157065443981,3.250291277508797,True
7,1,1566.7816147845247,0.49851432600983603,0.5352347264372627,3.253137043977551,True
7,1,1574.8924299244284,0.5076034906198054,0.5351857136086751,3.2535797593984226,True
7,1,1583.3940912089859,0.5031668961144242,0.5488772081523979,3.312468030539604,True
7,1,1591.6856432664902,0.5006483252735118,0.5478855724186236,3.256499758867694,True
7,1,1600.1654007426944,0.5041164076251644,0.5530451619219672,3.255039969408194,True
7,1,1608.165325648283,0.5060911890660211,0.526738056028111,3.2174726697514626,True
7,1,1616.7319239652231,0.511607628841815,0.5437345942100216,3.226856854587836,True
7,1,1624.779374870113,0.5100796928212358,0.5445896817615896,3.2939631054721388,True
7,1,1633.3424803733913,0.5220422940226326,0.5514342799905739,3.3240086500749113,True
7,1,1641.71945822286,,,3.279227466313859,False
7,1,1650.0326504555976,0.5220772012854727,0.5397489398112737,3.279808048056836,True
7,1,1658.3365382152044,0.5239784538479584,0.5531547107149847,3.2588902545639464,True
7,1,1666.759667729282,0.5138029865347752,0.5446099211826816,3.2215923152612067,True
7,1,1675.1171854659872,0.5273934501346507,0.5556113037236133,3.216768446845936,True
7,1,1683.1304962713757,0.5255025326076881,0.5621754373233878,3.3087897014447627,True
7,1,1691.63329770674,0.5386340947356953,0.5529865006023256,3.2439156923757944,True
7,1,1700.0439829034058,0.554749186496303,0.5674015794637236,3.301489567441477,True
7,1,1708.283649988196,0.5483712097781244,0.5695913860230635,3.2233446872000617,True
7,1,1716.7354966648243,0.5450889569786906,0.5489987146126221,3.2090035409373856,True
7,1,1724.8903381080827,0.5461605285675063,0.5526806862569873,3.260906242162681,True
7,1,1733.1877168500948,0.5471549455900715,0.5528505255500685,3.3024887616608285,True
7,1,1741.6742170421023,0.5623727523948504,0.5531784689501806,3.191794030879188,True
7,1,1750.1642078341924,0.5469154787544374,0.5606903655451118,3.2373899045166152,True
7,1,1758.3581734685315,0.5611853454020052,0.5690740659574154,3.2396512937032735,True
7,1,1766.6802948905588,0.5642737988182195,0.5504308645757942,3.278736651347972,True
7,1,1775.0151071933167,0.552955410936438,0.5592585945238823,3.264378413809322,True
7,1,1783.3363848719819,0.5572392709749533,0.5613593390967899,3.303596008734191,True
7,1,1791.714324054976,0.5643546999545669,0.5530695962354102,3.190875999333881,True
7,1,1800.0652568742116,0.5760582689127636,0.5588781493341154,3.135411424607659,True
7,1,1808.3496536788336,0.565439792081671,0.5569670320540223,3.27242803544329,True
7,1,1816.4452857331446,0.5739163541617389,0.5592750423686643,3.1136167163424426,True
7,1,1824.9331186977404,0.5730120245260409,0.5564921866565324,3.226998054045681,True
7,1,1833.4701816868874,0.5761292014895766,0.5557913632793603,3.197611873882031,True
7,1,1841.4818371590457,0.5570845675745237,0.5634418099819306,3.2489896474925364,True
7,1,1850.008330468819,0.5669789118249103,0.5677143332001455,3.1815998611045067,True
7,1,1858.049180490336,0.5589927076944426,0.562914242855336,3.2178714294789947,True
7,1,1866.7473102185018,0.5831455225997866,0.5577260818308536,3.2406470100627662,True
7,1,1874.956560983114,0.5649325104130576,0.5610246360637672,3.2209201728462653,True
7,1,1883.123932006386,0.5824543089346123,0.5543867869967579,3.1633447143961817,True
7,1,1891.7738148087637,0.5793543780888969,0.5561052128771697,3.19790297711284,True
7,1,1899.9357477196254,0.5764385939191882,0.5596732087185882,,True
7,1,1908.0330749824411,0.5810139231520697,0.5603234893144174,3.219136950580304,True
7,1,1916.9738691447099,0.5811048559063442,0.5577337548860749,3.1691657092069914,True
7,1,1924.8720225817474,0.5696724179379816,0.5599131162247832,3.2416683275903444,True
7,1,1933.0190230943585,0.5764031389602731,0.5609686764891539,3.2359901235754327,True
7,1,1941.7608790015188,0.5839037454727648,0.5617791583035713,3.197227539655291,True
7,1,1950.2749358247886,0.5841456206429061,0.5484407990857008,3.1572898954360773,True
7,1,1958.2647570373947,0.5741708549000358,0.5482950173675707,3.1536399279123186,True
7,1,1966.5223574354363,0.5934086301104353,0.5606330204843784,3.113688674944038,True
7,1,1974.8328937389758,0.5875200994756493,0.5487374937824688,3.1505702974364507,True
7,1,1983.433650935516,0.5829126334225642,0.5553557050152431,3.169197664223726,True
7,1,1991.7736322291858,,,3.264724793856685,False
7,1,2000.267262042612,0.5793473019558146,0.558513642497975,3.2494253722705944,True
7,1,2008.400596554947,0.590006670128809,0.5470975135373797,3.180103053206058,True
7,1,2016.6134716040085,0.5800484838707436,0.5410352372314925,3.189983986697606,True
7,1,2024.8452547613008,0.5753113793110207,0.5383631402263763,3.1662857365303854,True
7,1,2033.1721527774537,0.57139802734798,0.5515169049397519,3.191844516122029,True
7,1,2041.682791369349,0.5737759292701542,0.5485427757393347,3.1865370572949296,True
7,1,2049.9205690827184,0.5711131052031855,0.541436507737142,3.1710518263396446,True
7,1,2058.4925418275775,0.5811387427295098,0.5440587488447356,3.2000375727682826,True
7,1,2066.452703493976,0.5787921677921036,0.544866872968519,,True
7,1,2075.020683062616,0.5801366328943672,0.5329736381824035,3.130601635550629,True
7,1,2083.553453720775,0.5590260569795764,0.5288407775121655,3.2076381716241267,True
7,1,2091.650100555004,0.5673340508569613,0.5459648552486712,3.17121074913496,True
7,1,2100.0520540713464,0.5593790039596165,0.5365512962015195,3.127146673638957,True
7,1,2108.356951085296,,,3.20651376187518,False
7,1,2116.7915059708725,0.5771291416476448,0.5287001831447941,3.150185230002097,True
7,1,2124.9740143844397,0.5553193692337046,0.5355191372853108,3.151202062662354,True
7,1,2133.620221563334,0.5677406660043063,0.531119660925563,3.169692156393705,True
7,1,2141.3529701146226,0.5610765974770385,0.5302654799109313,3.203365895597633,True
7,1,2150.127294746863,0.5587870103070439,0.5231489440626709,,True
7,1,2158.4525089723643,0.5532081907071873,0.515700588032621,3.157322335838197,True
7,1,2166.5381466483914,0.550029739735595,0.5249629320372838,,True
7,1,2174.9619859845548,0.5588813034577995,0.5214124979442936,3.1400571148157908,True
7,1,2183.1141571411467,0.5504311189146238,0.5193502998405614,3.161496181643687,True
7,1,2191.7462874007156,0.5579486842561254,0.5294190747339972,3.1743732460869074,True
7,1,2200.117205317438,0.5322731178757606,0.5237320850207151,3.1219595895873553,True
7,1,2208.2435927423344,0.5496869247790023,0.519677964901682,,True
7,1,2216.53932678472,0.5368038864549439,0.5237457342251745,3.2015390937974013,True
7,1,2225.069531564137,0.5294096848782013,0.5101521540382371,3.096473463007746,True
7,1,2233.096912660631,0.5410377228070824,0.4987853167379546,3.2038248139425427,True
7,1,2241.39027119003,0.543302631698897,0.5108953738459248,3.1454047288820246,True
7,1,2250.170743771092,0.5360829201391963,0.5007303415567071,3.1403893353150236,True
7,1,2258.5148631096804,0.5246900920547433,0.5058968359731483,,True
7,1,2266.534979011633,0.5395678676952332,0.512745293750434,3.1699143699498626,True
7,1,2275.2033472296876,0.512575932369955,0.5088197405755485,3.1585058476731698,True
7,1,2283.455138767412,0.510732420766453,0.5115019625165532,3.175181357252485,True
7,1,2291.820446227537,0.5296234280815131,0.4904310731369414,3.1316813696099226,True
7,1,2299.9439678586036,0.51324944461588,0.505163041336891,3.18826178557224,True
7,1,2308.200739038048,0.5219606892436439,0.49688996047857986,3.18074234627355,True
7,1,2316.6425261053396,0.5178047306736764,0.4962634219442205,3.2153395629705175,True
7,1,2324.897131760299,0.5128858903324204,0.4908638013957067,3.157140782097312,True
7,1,2333.45237782083,,,3.11081741136429,False
7,1,2341.5202167818534,0.503948142672674,0.4805305328760917,3.135837125824428,True
7,1,2349.9468051870704,0.48972713085776154,0.48311286500243644,3.2225131776826954,True
7,1,2358.473702953917,0.48988725261570426,0.47763751383211667,3.1683096117120355,True
7,1,2366.4997357940706,0.49606816341307086,0.49244896723652587,3.115355908997348,True
7,1,2375.130112734833,0.5023333538837345,0.47934873142297024,3.18962936790492,True
7,1,2383.4186290784605,0.4929505326757126,0.48183485553929,3.184139219584049,True
7,1,2391.5244157019656,0.4860537424565246,0.48094898730858343,3.1664713516338447,True
7,1,2399.8178246796397,0.4882596624571314,0.4762099042205366,3.2066445115423585,True
7,1,2408.2121432145177,0.4945634961141029,0.46882718431062753,3.198957638706036,True
7,1,2416.674763005073,0.47850198784698333,0.48507174701939415,3.0990561879806937,True
7,1,2424.95462249587,0.47988132631214875,0.4829366597119337,3.124084976642285,True
7,1,2433.4312076301035,0.4730277266959429,0.49094225483386794,3.156213942979366,True
7,1,2441.6864378567634,0.4724044283452866,0.46665116009916807,3.1281879760189093,True
7,1,2449.9144054809317,0.4763669589530165,0.4741366156213661,3.1489701002701262,True
7,1,2458.165726705283,0.46487399278143726,0.47019458243337797,3.1739447638457756,True
7,1,2466.6808493775925,0.46871442087261106,0.47058652263544837,3.204964173762648,True
7,1,2475.1484983360374,0.46781975455074404,0.45978516619842574,3.1618944478319913,True
7,1,2483.193735016103,0.4715497491192857,0.4645521693948002,3.1907327534961683,True
7,1,2491.532143889607,0.46577245892675845,0.4671600953152946,3.1601651061663283,True
8,1,0.16920488569973052,0.4933521410403685,0.5510127713295251,3.2882102104938444,True
8,1,8.527987111355772,,,3.2991959812374314,False
8,1,16.667724272704948,0.499268932685466,0.5598323282472276,3.3192648946957592,True
8,1,24.981555581325665,0.518401081070418,0.5599202260474349,3.269117824683602,True
8,1,33.33841953108034,0.5124357816824308,0.566993173724369,3.3491561282088496,True
8,1,41.53689213964554,0.5130008470424579,0.5596972200525299,3.3283908702959404,True
8,1,50.04264093948714,0.5180340990459645,0.5546894739028139,3.3246475686058736,True
8,1,58.19153023223368,0.5220519084063339,0.5602533673411334,3.3010525215841615,True
8,1,66.44778933874966,0.5264546469972634,0.5562325609304233,3.332584679992464,True
8,1,74.82622265242212,,,3.3667583848752236,False
8,1,83.12206447429458,0.5247530303862745,0.5617367139496579,3.2951290850633175,True
8,1,91.4411875981013,0.5295522802570212,0.5639814177457442,3.406306616271044,True
8,1,100.12724511740394,0.5314796150808716,0.5531655575235288,3.3656418069758307,True
8,1,108.2603396923026,0.5237944618198691,0.5484845392834587,3.4075433739219205,True
8,1,116.72747646642527,0.5341222131170674,0.5610275189783768,3.3115046970848345,True
8,1,125.13907766681004,0.539040812012116,0.559786558142584,3.316312538159427,True
8,1,133.53638421033796,0.5383199418478403,0.5408976677050912,3.340369853954561,True
8,1,141.41490038700007,0.546304512882952,0.5454479653121496,3.3535262316191057,True
8,1,150.09737297619336,0.548863078446301,0.5593402680030473,3.31317156840603,True
8,1,158.2085755583254,,,3.3984755623650833,False
8,1,166.36529739236474,0.5559032804806345,0.5503732353593561,3.3078136456442455,True
8,1,175.04135701869237,0.550876863666485,0.547509440027161,3.2696897307661184,True
8,1,183.42684593211848,0.5535587228527581,0.5548610950646409,3.363888948011465,True
8,1,191.6912799868696,0.5426828171306946,0.5494105025316861,3.3674844234008345,True
8,1,199.88876603221394,,,3.3727372378431593,False
8,1,208.25706331219874,0.560020416255147,0.5526467167082214,3.3084247524715393,True
8,1,216.79157242008802,0.5612979830588073,0.5445940486469065,3.3501527107225937,True
8,1,225.03586788181596,0.5569764891458786,0.5484309922785217,3.332389433024185,True
8,1,233.3011763685583,0.5629695794646028,0.5336110360955507,3.3948663636641383,True
8,1,241.59704696952514,0.5635910563154413,0.5460479980905595,3.3573500896997244,True
8,1,249.90883008439383,0.5780448093437485,0.5344966835421852,3.363963076375977,True
8,1,258.1695757560018,0.5845444452184682,0.5363882126437566,3.411198093690321,True
8,1,266.64005435099386,0.5794813101463214,0.5418950915272867,3.3811938930628367,True
8,1,275.1738761421329,0.5767867092693203,0.5419017458642124,3.3444259860731615,True
8,1,283.22271711688944,0.5691452907933422,0.5388884971827368,3.447592295277609,True
8,1,291.6208149524711,0.5719404076345375,0.5297849758365504,3.3901317348696556,True
8,1,300.0346218462075,0.584666306431111,0.5224631127082808,,True
8,1,308.2097818830931,0.5729159987465458,0.5256059780113462,3.456589115446438,True
8,1,316.8082311676254,0.5822768803114658,0.5344965787259711,3.4006847666920983,True
8,1,324.79705990750136,0.5771684960696546,0.5171153121018477,3.418363346115233,True
8,1,333.41986357779444,0.5708236192677816,0.5290844826821909,3.4395768720480544,True
8,1,341.6964832211478,0.5812966373399239,0.5034578481202332,3.399377728073291,True
8,1,349.8594835135422,0.5830265787294059,0.5238079568954447,3.3855888867327204,True
8,1,358.32099873612185,0.5750249033616476,0.522941292276615,3.438782519915715,True
8,1,366.65995055976623,0.581195153481794,0.5308679448681838,3.389440326518208,True
8,1,374.92253560810957,0.5822120013138247,0.5174583060207386,3.3788368179918145,True
8,1,383.4927723923592,0.5703335519518427,0.5165534717426676,3.3978059494401434,True
8,1,391.73312246228096,0.5913942806665784,0.5168360445346791,3.4315817914815017,True
8,1,400.0268484807414,0.5692762005971099,0.5187762781814306,3.4373671040072806,True
8,1,408.2014102035216,0.5728873353561446,0.5120261042689481,3.438617863584335,True
8,1,416.63465219452644,0.5821795666051968,0.5027480487653698,3.3755708924348267,True
8,1,424.77784305372387,0.5843764327109225,0.510708405751772,3.379087391496218,True
8,1,433.2924120732846,0.5783813362784757,0.49936978506978014,3.4173480181261486,True
8,1,441.59953710610745,0.5865503098968717,0.5077088357910069,3.414705688895765,True
8,1,449.76304453325497,0.5850430414819512,0.5035998251040283,3.3832902266861016,True
8,1,458.4039697414453,0.5745948229391967,0.4928191492681579,3.4934524180460347,True
8,1,466.6070225709904,0.5674538323224935,0.483641054412402,3.41857046963082,True
8,1,475.11064695092443,0.573539223814643,0.4915439166583179,3.4372862881718778,True
8,1,483.63536976788714,0.5806636724346489,0.49690085887574953,3.4027491467233806,True
8,1,491.684515101303,0.5710210502601023,0.502499081382673,3.4480976749946954,True
8,1,500.0705890445154,0.5734169995396589,0.4836072459989051,3.4752865333136493,True
8,1,508.3394425002964,0.5695339736407435,0.4807482532932455,3.430677195971512,True
8,1,516.7409699620181,0.5776388005543259,0.47302727714628345,3.473838805696399,True
8,1,525.1668382182233,0.5663956190742931,0.48798760699162996,3.441513655146333,True
8,1,533.3757006488402,0.578083848100822,0.4940566606988781,3.416221520890911,True
8,1,541.7587195581061,0.5609321872177222,0.4809413086791075,3.4435107120848216,True
8,1,550.0779112251222,0.5599764189302279,0.4893214761093168,3.448860931576472,True
8,1,558.2600116350505,0.5708456568513961,0.48340141291569594,3.4316075870872553,True
8,1,566.5135620824423,0.5661116817713542,0.4813702981364432,,True
8,1,574.9483941482024,,,3.477089527908596,False
8,1,583.2404072711636,0.5591236073791402,0.48456639107125815,3.4609887385760136,True
8,1,591.5681993023443,0.5568721086065743,0.47414719689418344,3.4112530880917613,True
8,1,600.1080608537983,,,3.489091408594986,False
8,1,608.2665210932438,0.553606451420968,0.4673764916964525,3.4415222473839147,True
8,1,616.7094969853958,0.5535121868094734,0.46705661430802675,3.38761195584564,True
8,1,624.9661455352303,0.5403205054347225,0.4584627580188146,3.3882999960675164,True
8,1,633.3601109726637,0.5492801704843089,0.46107692474891543,3.470716809775602,True
8,1,641.8792047938347,0.5407997458060226,0.46614609781314253,3.3706541277201243,True
8,1,650.1496365489003,0.538496191468828,0.4704705690640723,3.4573474078258872,True
8,1,658.4213522199235,0.5450539743164418,0.46526161388985704,3.4511858436817797,True
8,1,666.7225727285211,0.5324786121146307,0.4552204851478402,3.3919291931818325,True
8,1,674.8966300721454,0.5388700152780145,0.46087167275801055,3.4882506410012315,True
8,1,683.3957130288195,0.5302732009298798,0.45250123500561545,3.45772505152744,True
8,1,691.733655360976,0.5298947478027707,0.44825775397345924,3.4474959051012815,True
8,1,699.7547759530531,0.5261121086232625,0.4469786605761478,3.4248342270925014,True
8,1,708.3801097951334,0.5299938095275486,0.440274279667472,3.4251316308805224,True
8,1,716.4692445073862,0.5284445672133874,0.45877055110095855,3.460283890170868,True
8,1,724.902063858495,0.5163498373565699,0.46003228904536103,3.463699520990805,True
8,1,733.0544573330606,0.521502919153643,0.4523371382037046,3.4348078481530404,True
8,1,741.7122530499432,0.5130166442413538,0.4440015703090424,,True
8,1,749.9896022689961,0.5097395473084144,0.45295652398924247,3.3589812903438965,True
8,1,758.2314912227438,0.5111877354782559,0.4554719705353543,3.5039683599686047,True
8,1,766.5713144782378,0.50548435227609,0.45186858344419806,3.463772472182739,True
8,1,775.0380037347245,0.5035124277746382,0.44694927674343854,3.4544285501276115,True
8,1,783.3832279884806,0.4993542487352476,0.4430144482993874,3.473134707781517,True
8,1,791.5742205622588,0.49519218484493027,0.4435766595096027,,True
8,1,800.0157684641242,0.4999175041995083,0.4371650808967104,3.4557691141330262,True
8,1,808.4074584143764,0.48954598137939126,0.43843675693931294,,True
8,1,816.4994926171016,0.4889515175145923,0.4540465558883549,3.4531915837234046,True
8,1,825.0313881582556,0.4945979837755647,0.44720727128497484,3.51422958450399,True
8,1,833.341865345944,0.4859592535121465,0.43771038241233795,3.402958977883648,True
8,1,841.5081618117985,0.48329994593531017,0.4437375166511466,3.4386448172587296,True
8,1,849.950726908519,0.47830393096868534,0.4385066005015381,3.4226674498024123,True
8,1,858.463808859786,,,3.3945267730727475,False
8,1,866.8919612714732,0.48967863758985203,0.4402608306505956,3.465319111672542,True
8,1,875.1095841324013,0.47693167555903543,0.43725092010591743,3.5013905601370676,True
8,1,883.2308317343126,0.4685886787870815,0.4431019204363323,3.4482013168275847,True
8,1,891.5867440150121,0.4583362664090797,0.43084915278260444,,True
8,1,900.0468388706461,0.46313211738586946,0.4455320110332409,3.4343159139098143,True
8,1,908.3265068830691,0.46556503708922203,0.44156288524401077,3.4308853576515896,True
8,1,916.6118202807875,0.4635573496806283,0.43632056888513765,3.4049577222067104,True
8,1,925.0515710373111,0.4700560696817269,0.4398642193463007,3.443532292388167,True
8,1,933.2763393275274,0.46400942549074625,0.4462929274796973,3.441928057569487,True
8,1,941.6089315437945,0.45674600033870694,0.4448900711541161,3.3569190939692217,True
8,1,949.9570762176647,0.45901876862843727,0.43251053843102755,3.4163164926084715,True
8,1,958.5139687066008,0.4459906208914925,0.45137465414350303,3.4774390660325145,True
8,1,966.8284028080762,0.44424260500880713,0.45615830425679055,3.3823534055265356,True
8,1,975.0388728156413,0.44162759580695654,0.44257638799252896,3.3967856820569398,True
8,1,983.2290291142582,0.43799340369501777,0.4421905395510099,3.4523792443025867,True
8,1,991.5490254159237,0.43920743118533895,0.44304227366238835,3.4397861411382524,True
8,1,999.9265038063226,0.43405477867696796,0.4454929523145473,3.4572775756875864,True
8,1,1008.2343362886476,0.4373177921394798,0.44415324663533623,3.474433459503044,True
8,1,1016.6094368373731,0.43203062926628955,0.44383571095001684,3.4503328958709583,True
8,1,1024.8764671971417,0.43416710850012885,0.45431221486065304,3.42252700870874,True
8,1,1033.4985506506969,0.4317558008295872,0.4365266611964545,3.427024599427251,True
8,1,1041.5725216514204,0.4326954828006715,0.4513572897565618,3.389246132492474,True
8,1,1050.074817966508,0.42452169383227806,0.44658197055000265,3.4088971187149264,True
8,1,1058.3396845562318,0.426063428694262,0.4476153032797717,3.4837094619123428,True
8,1,1066.5748138649853,0.42457164813313025,0.4521527182800899,3.350963625607798,True
8,1,1075.0343681931263,0.4252555317299337,0.44401852988735147,3.437616571998434,True
8,1,1083.4612620229182,0.43007082861669965,0.44670162594912416,3.4501271135340494,True
8,1,1091.5897755628655,0.4373306434185822,0.4420281338516028,3.391378224983427,True
8,1,1099.892685843807,0.4276923450482178,0.443490719622827,3.366977082790491,True
8,1,1108.1750993941096,0.42572807681754177,0.4550161408239461,3.4643943324323234,True
8,1,1116.7951066426074,0.41487822610720815,0.45093804640107105,3.452124564564591,True
8,1,1124.9611227004375,0.43371623840879275,0.4626372938978971,3.430415525118485,True
8,1,1133.3779672252492,0.42061371129854674,0.45428375599844345,3.397108593128754,True
8,1,1141.5251822635973,0.41475223622421287,0.4591249705231869,3.3983861154076282,True
8,1,1149.9845122982344,0.42912161077188005,0.4583558139219227,3.4496553460182415,True
8,1,1158.1461877008653,0.410881578630126,0.45784552392337646,3.470865432163428,True
8,1,1166.5326130233373,0.42246848651480073,0.4638031063329061,3.3941220555482263,True
8,1,1175.2502162177705,0.41748986688820705,0.4675936266619694,3.405068420404445,True
8,1,1183.3229140075425,0.4192042937099659,0.4591880284994532,3.390337217667721,True
8,1,1191.6289679312752,0.42604464733596037,0.4622993827896725,3.484473737353368,True
8,1,1200.2403466170545,0.4232322899128466,0.4631326487534118,3.4119158480501404,True
8,1,1208.4669370355452,,,3.462900989610356,False
8,1,1216.5708100075287,0.4158527147225431,0.47911624510586365,3.520109053470634,True
8,1,1224.964032235324,0.4246669993910167,0.48061813021209004,3.3547112178982057,True
8,1,1233.292627366153,0.4193723420199114,0.4732118894221695,3.406605451008933,True
8,1,1241.876475417333,0.4241038684522628,0.4774178602643285,3.3565027654432664,True
8,1,1250.0003300592907,0.4308582091144359,0.4728378498656304,3.3775309481906275,True
8,1,1258.2264844323443,0.4217369585447124,0.46704583797288857,3.4554831749604986,True
8,1,1266.5464152378952,0.4276710108164417,0.486464043693789,3.3643829660235927,True
8,1,1275.0596077452499,0.4286691327420113,0.4842090884429349,3.3266620569707466,True
8,1,1283.4417288314291,0.4276171654667404,0.48163015485506216,3.449861299563869,True
8,1,1291.611957664255,0.4293148669583357,0.49218302797583063,3.3383649514268723,True
8,1,1300.0480131943862,0.43706566719282686,0.49009408662218645,3.372446548685294,True
8,1,1308.3633781591423,0.4205493403814002,0.4845346019298621,3.3616791048818517,True
8,1,1316.6804407504487,0.4254030596290005,0.4856997676794802,3.3821366619251165,True
8,1,1324.997775999653,0.4258869640513984,0.4860086381947437,,True
8,1,1333.41827333262,0.43666208645409105,0.4783541555819142,3.3856377731770104,True
8,1,1341.8250287309158,0.426658531307643,0.4766795790553537,3.3782071582148636,True
8,1,1350.0703992674305,0.43876035878885045,0.5092909878084279,3.397169888437987,True
8,1,1358.1788706509046,0.45332855485062956,0.500411823944184,3.3393957636677998,True
8,1,1366.485173445407,0.44002569772105127,0.486456366037623,3.3394865957644253,True
8,1,1375.0609493605173,0.4421306417990264,0.49974993791218575,3.3363621132663535,True
8,1,1383.372503133553,,,3.3845841702350428,False
8,1,1391.6752274848482,0.4364384916260611,0.5054417800506822,3.386313701432396,True
8,1,1399.9830523113674,0.4478815473607272,0.5063348590375626,,True
8,1,1408.1785636139512,0.44437923904079424,0.5095239786208668,3.290881489656868,True
8,1,1416.6973713792572,0.4560216112586146,0.5022304983892292,3.366194526477188,True
8,1,1424.872027720387,0.4480886814929443,0.4962929285630175,3.293648755666357,True
8,1,1433.0441579472786,,,,False
8,1,1441.490839934834,0.4594300983053224,0.5161034637999917,3.3276277216789563,True
8,1,1450.093992509382,,,3.3610538367878457,False
8,1,1458.3931087409985,0.46967263360493494,0.5099771798115418,3.3269265972164352,True
8,1,1466.753385981724,0.46451412408795906,0.5161055591685612,3.2467513609403214,True
8,1,1475.0195618251826,0.4644939075709315,0.5242733860588922,3.35452929993917,True
8,1,1483.104758348917,0.46340609712136194,0.5212764427204987,3.310667113238207,True
8,1,1491.6453114694957,0.47574860032274696,0.528381627552358,3.3455400200649854,True
8,1,1500.0654850587857,0.4800356237754154,0.518526142436293,3.379310336715734,True
8,1,1508.3061749661347,0.47313473237018433,0.5187893657343556,3.3231399149429253,True
8,1,1516.5332583232732,0.48104840135204047,0.5217737903945963,3.359843839398373,True
8,1,1524.984142945087,0.4885083988763336,0.5311265720333568,3.3631616770199506,True
8,1,1533.3472338843246,0.4948380980414711,0.5353224087429259,3.274532751915157,True
8,1,1541.6702128579784,0.49231213407306484,0.5307878767951998,3.343656068052212,True
8,1,1550.0589977354946,0.5004167981998683,0.5461390643351249,3.3013373258207714,True
8,1,1558.256600775535,0.4991953836005672,0.5384580624086664,3.2076224043401256,True
8,1,1566.5373710802437,0.4938856334066636,0.5388647829827329,3.2972115789076586,True
8,1,1574.929034378192,0.4989440531754462,0.535083401132658,3.345911627431443,True
8,1,1583.5171020672185,0.509325533847328,0.5408531556253444,3.229676563892546,True
8,1,1591.7593840544905,0.5065471434178638,0.5343527811696546,3.3071296423736602,True
8,1,1600.0176732249536,0.5078495814313152,0.5400361134100655,3.312774701428088,True
8,1,1608.4089955157256,0.5096286190652884,0.5444925025233147,3.3215859512951385,True
8,1,1616.6633687314777,0.5243486247844773,0.5550992876185284,3.340159579353254,True
8,1,1624.9613886717227,0.5063480268683918,0.5406733094005406,3.28566083359588,True
8,1,1633.4625039201455,0.5170746654529622,0.5548516351664847,3.292609010914059,True
8,1,1641.9047574413582,0.5256360113244464,0.5566375708999858,3.2985045532169783,True
8,1,1650.1504887504768,0.5146988193253342,0.5525864814129849,3.270187743843069,True
8,1,1658.4432432425162,0.5260585338758674,0.5430250872762179,3.3161492751012056,True
8,1,1666.7289942244145,0.5273488862087092,0.5525317749579487,3.1958881402540116,True
8,1,1675.1161878519886,0.5296039519257878,0.5470769721966272,3.3125903565901544,True
8,1,1683.2241050432701,0.5242854570205966,0.5491959368745396,,True
8,1,1691.7131785745225,0.5322019551586991,0.5486335746716346,3.2246105384700643,True
8,1,1699.8932377746396,0.5372103866095509,0.5516781950208184,3.302277266299666,True
8,1,1708.2197891472363,0.5503962374974519,0.5635573174648866,3.2480771681008545,True
8,1,1716.6957600047542,0.5502754463659156,0.5436477912180409,3.2225743617740377,True
8,1,1724.8869897563984,0.5460416396867094,0.5560997170288043,3.26534809861641,True
8,1,1733.2817632468023,0.5518025413520643,0.5480867368582111,3.2494134782963524,True
8,1,1741.8630294959041,0.5518482423879204,0.5545984306874858,3.2501677039996446,True
8,1,1750.0900005075698,0.5495793862342684,0.5598966460254853,3.2648393254722974,True
8,1,1758.302538050648,0.5609342752937023,0.5734929135022973,3.2706662877440156,True
8,1,1766.745333066605,0.5553724662805607,0.5699645706550539,3.212906734191451,True
8,1,1774.9891996865028,0.5602570631274723,0.5576509711438957,3.288995673187601,True
8,1,1783.4596161693603,0.5662164529500017,0.552037158494561,3.216948826119481,True
8,1,1791.5280659560278,0.5702103448743417,0.5593113543891943,3.276602478483041,True
8,1,1800.0285044485595,0.5572312821383771,0.5624124740899505,3.1701916060411848,True
8,1,1808.2469081020677,0.5634191734245118,0.5707637316778242,3.253239085535715,True
8,1,1816.613141398262,0.5699470373989313,0.5596745026603993,3.224793669023916,True
8,1,1824.9138650496084,0.5576759243825395,0.56398924934294,3.171704407300961,True
8,1,1833.1814348856203,0.559293910443789,0.556089330360272,3.189863398087307,True
8,1,1841.6450498860959,0.5664026250996347,0.5558707652340943,3.2149832058196774,True
8,1,1850.1067920455182,0.5670351797581851,0.5657380205281436,3.173166213470586,True
8,1,1858.3684161835645,0.5776975061573689,0.5581805609068045,3.197158485920365,True
8,1,1866.765573928607,0.5690273897841852,0.5570293621822315,3.2684595580150946,True
8,1,1875.2613157531566,0.5756222676675476,0.5591655313091572,3.1835875004597267,True
8,1,1883.1995134643068,0.5808398468162039,0.5479489532889098,3.217072436075547,True
8,1,1891.4024516309125,0.5717396692310263,0.5734512642617859,3.2635842560874333,True
8,1,1900.0907956330893,0.5716371868744488,0.5633615107075006,3.2659430306657917,True
8,1,1908.3247484004585,0.579081977466423,0.5542767366598468,3.225989938673664,True
8,1,1916.7037341046096,0.5656837522833953,0.5524157476272533,3.1741683932094014,True
8,1,1925.0992785105425,0.5824375612899315,0.5589642712293857,3.203585475680505,True
8,1,1933.2924411542954,0.5812159154788268,0.5589355284162781,3.1952553903192706,True
8,1,1941.706215399365,0.5731551008053912,0.5512099497967876,3.168446759615096,True
8,1,1950.2194409423187,0.5817045270914927,0.5554368815589947,3.2067637477158,True
8,1,1958.3711500309041,,,3.1483319180691556,False
8,1,1966.596641806839,0.583749184983122,0.55110989708096,,True
8,1,1974.9134189074593,0.5707078485316471,0.5518893429079518,3.1478036475187654,True
8,1,1983.4322903977313,0.5766851087112832,0.5422668676141429,3.148363096083834,True
8,1,1991.8778697943526,0.5795769594910617,0.5504852371860027,3.202212571532145,True
8,1,1999.9780659034623,0.5758877734083923,0.5437845454734829,3.1978662756185043,True
8,1,2008.1370547841564,0.5707222164910852,0.5487437108818599,3.2361879482457985,True
8,1,2016.6842983197228,0.5747183400397773,0.5431395937430535,3.2728553057062992,True
8,1,2025.1059893452139,0.5739826301326724,0.5489068744171003,3.156579835952106,True
8,1,2033.499092541269,0.5869310516500399,0.5471106687494757,3.1514670788274075,True
8,1,2041.5473458508152,0.5768449131004652,0.5527446451857952,3.1909067806908533,True
8,1,2049.8970094114816,0.5706027003817598,0.5416411996373368,3.114552845651667,True
8,1,2058.045779807139,0.5770530685702915,0.5349586263349018,3.1495416957876916,True
8,1,2066.5972616365475,0.5639932688892901,0.541779626783257,3.1582731712553263,True
8,1,2075.0758158878953,0.5587275135902207,0.5411508723036705,3.1864690672326397,True
8,1,2083.509723555571,0.5776114798129452,0.5447715130279679,3.1796323433624663,True
8,1,2091.777076612614,0.5620839210282828,0.5318728716302495,3.190360229657254,True
8,1,2099.9736016011725,0.5695205465328086,0.5323736654459084,,True
8,1,2108.352350171618,0.5707618039185982,0.5436774152729407,3.2105385156930897,True
8,1,2116.7357834641757,0.563285957407505,0.5289691717372635,3.1359653481972183,True
8,1,2124.979230582033,0.5690065537877794,0.5298065102863806,3.1587429199507038,True
8,1,2133.2607339985457,0.5497608781690408,0.5327220182216287,3.143405400089515,True
8,1,2141.770642825607,0.5588224632100702,0.5335003108928505,3.117230111058162,True
8,1,2150.226428320748,0.5672761439021892,0.5249458875670111,3.192209291523813,True
8,1,2158.238704849207,0.5578806315484374,0.5270232041824918,3.1521538729964362,True
8,1,2166.808023003366,0.5529755519304298,0.5310655783019932,3.1746780043622755,True
8,1,2175.043237612382,0.5603960380964825,0.5322666055090567,3.0984327234900437,True
8,1,2183.2229122849794,0.5492426982613559,0.520997756038474,3.206285223131062,True
8,1,2191.8062327961393,0.5499342852172909,0.5114393237065162,3.179384456719946,True
8,1,2199.9356181276476,0.5406994540245262,0.5118634217597038,3.085031591303713,True
8,1,2208.3009123896245,0.5408195809294339,0.5199570377622497,3.118449005664718,True
8,1,2216.8152239808683,0.5515355512713841,0.5114981859072162,3.131324193880282,True
8,1,2224.9596919803153,0.5507092689689279,0.5095828142502565,3.1442428077042885,True
8,1,2233.3620641337993,0.5408545076312167,0.5104417328571109,3.1874016150442954,True
8,1,2241.6570944033647,0.530996258052452,0.5003484009462194,3.1426224124056574,True
8,1,2249.729253645248,0.5419607936009564,0.5139800334396318,3.249082132281553,True
8,1,2258.297686618405,0.5273029675323927,0.4855304537342072,3.165303543589374,True
8,1,2266.5123667255475,0.5351389987282659,0.5076230316982562,3.2309755019650215,True
8,1,2274.9331486786873,0.5136521086887916,0.5095238140511363,3.12969304497993,True
8,1,2283.3026550205036,0.5222656022765194,0.5058656678488332,,True
8,1,2291.647476494633,0.5297712376445791,0.49736914891553824,3.210284467517494,True
8,1,2300.1135842759477,0.5187037167723828,0.5000296545240824,3.1525584424302475,True
8,1,2308.4001713922817,0.5118311468329642,0.5012885647709946,3.0999449356143614,True
8,1,2316.598891793823,0.5176356787717791,0.498712932397693,3.14199392549893,True
8,1,2325.0016433532587,0.5076873714706652,0.4968431696429074,3.1789401869486147,True
8,1,2333.1963064530437,0.49861171200391213,0.48903065140904756,3.12830558437556,True
8,1,2341.66397525351,0.5129599200323323,0.48481984833743763,3.146994704246329,True
8,1,2349.9957307504565,0.497337639228142,0.485590330790989,3.0891254185962724,True
8,1,2358.3887658770614,0.5042463087341287,0.49018663734515094,3.172933426160534,True
8,1,2366.6508161258616,0.496935821688207,0.4823654369111018,3.131136370279043,True
8,1,2374.8578772890774,0.5041256015159699,0.4800462053525771,3.125100165547111,True
8,1,2383.595852231222,0.49334202177651254,0.47923500658228513,3.1335830915869645,True
8,1,2391.6507165007156,0.4831588913856585,0.47671220552206833,3.1864469985660824,True
8,1,2399.957396178154,0.4816954239910517,0.47951108943572446,3.2123727907190855,True
8,1,2408.4073043290273,0.4902275625884373,0.47449553427098123,3.1530267642584775,True
8,1,2416.7193036487183,0.47368187487704383,0.47400192903806687,3.06146048318015,True
8,1,2425.0428933902895,0.46905973043294713,0.47134497571022965,3.193752679199966,True
8,1,2433.3628983470603,0.4748448771451368,0.47011768184279984,3.1740687803785796,True
8,1,2442.0215312381533,0.4685580390047302,0.4706591524368043,,True
8,1,2449.862427795675,0.46871463002675656,0.47620794416934625,3.1801410208761265,True
8,1,2458.343614865302,0.4643041688065327,0.4682631744535674,3.1720815805220686,True
8,1,2466.6098073367584,0.4580336674361077,0.45395081068613174,3.158912010606487,True
8,1,2475.0013922225457,0.4624451151271935,0.46437008883781694,3.1576490420924066,True
8,1,2483.4699151554187,0.4647787318126003,0.4664693100062521,,True
8,1,2491.66552061804,0.4594482652935221,0.4596387711579198,3.1908113156205196,True
9,1,-0.043541355129178116,0.49934220971761345,0.5468174486180523,3.3277489593814464,True
9,1,8.184285881876031,0.4963278228010873,0.5595841811749109,3.356775902914646,True
9,1,16.834661909771405,0.5045556669306687,0.5629723289769053,,True
9,1,25.079350788819642,0.5154718148022108,0.5558954623503105,3.2633579588615773,True
9,1,33.483914335985105,0.5098800179674,0.5725995337399554,3.2327527444450537,True
9,1,41.82374026288728,0.5120397786355559,0.5724646162474998,3.3256094940393868,True
9,1,49.81936166566664,0.5013024201930888,0.5690104084930834,3.32256947771796,True
9,1,58.395566971689234,0.5232153262846251,0.5595340686408182,3.296180715571698,True
9,1,66.62234103327994,0.5178502562551446,0.5548001635722414,3.3673522833968903,True
9,1,74.78514463222959,0.5268907320621123,0.5585143852055036,3.3082780196290624,True
9,1,83.34811234946608,0.5334314238493773,0.5636485444175215,3.2199202760769423,True
9,1,91.57774790845734,0.5219819837162193,0.5544004177599434,3.3030958101003582,True
9,1,100.05168768740059,0.5286384855353038,0.5606576058043431,3.329400712130488,True
9,1,108.39640110315082,,,3.386186973836346,False
9,1,116.64020796687258,0.5341128039137845,0.5529971009849595,3.274264830499381,True
9,1,124.89283339018948,0.5416625052406371,0.5525621138177828,3.3156773119744076,True
9,1,133.3029973960182,0.5448212904518167,0.5516582320755488,3.380600257269222,True
9,1,141.71912641503963,0.5494822366828112,0.561022140898767,3.2607578787990015,True
9,1,150.0251441739657,0.5362133575506683,0.5521516752619108,3.332371224093734,True
9,1,158.29273901846304,0.555352840636444,0.5591494416472232,3.376109732350475,True
9,1,166.6674483815212,0.5461030974965346,0.5429562281787033,3.41709410270982,True
9,1,175.08153961873109,0.5519311950436444,0.5322858617000673,3.371101743566201,True
9,1,183.45580157488956,0.548424014180161,0.5437337090856836,3.330661491303108,True
9,1,191.76019509046967,0.5466137530626322,0.5447188571214068,3.3652551973482696,True
9,1,200.1141140920719,0.5606733585024238,0.5476667727251353,3.3925031149317757,True
9,1,208.3588796700874,,,3.2960039309656493,False
9,1,216.6642704129763,0.5705895920843369,0.5464647553899679,3.3656474983057287,True
9,1,224.89919304892413,0.5697536099417901,0.544673630958881,3.3463821066103874,True
9,1,233.20373152662094,0.5660354546679672,0.561706031250456,3.3801866130642355,True
9,1,241.68603476060466,0.5551307949212547,0.529423520412194,3.4020353885310826,True
9,1,249.981834105591,0.5743668297311582,0.5340638944391677,3.415976539105309,True
9,1,258.3125462776176,0.5713489397529851,0.5401434845160146,3.390649834282887,True
9,1,266.8449640522997,0.5704788455771468,0.5383312894168071,3.430421622694154,True
9,1,275.0067862302227,0.5755706852799213,0.53925355323446,3.347422372559506,True
9,1,283.16736597665374,0.5772606207858405,0.5335330851174959,3.3920289795525465,True
9,1,291.7191978375567,,,3.4266562006045236,False
9,1,299.7768617936757,0.5740559530968328,0.5268389471395837,3.4065916371362834,True
9,1,308.4959796058143,0.5744076780457339,0.5258205043669478,3.402066830806336,True
9,1,317.0332876173394,0.5741427603244664,0.5397650685670332,3.322403454011255,True
9,1,325.0682850017263,0.5725775372828171,0.5244633074319515,3.416845851426736,True
9,1,333.3356367200263,0.5777281247555137,0.5202252814820405,3.3942226386601226,True
9,1,341.6975220615949,0.5811169101764416,0.5209426846970163,3.4651041716311184,True
9,1,350.0569621285417,0.5866215068445408,0.5320490439019778,3.3889645110031297,True
9,1,358.35006541785083,0.575669900974943,0.5164278061574652,3.3745058533780687,True
9,1,366.5366180918815,0.5813802544701692,0.5148733892082182,3.4468266835097876,True
9,1,374.9726093428347,0.5819486230727485,0.5239884284674582,3.389953119992929,True
9,1,382.97743408761664,0.5698600391309526,0.517582139593236,3.392846984187547,True
9,1,391.748092251687,0.5799221012175095,0.5123336448812024,3.3313478338670692,True
9,1,399.9131410885961,0.5728475727718693,0.514113566287906,3.3989439368059706,True
9,1,408.4454581542193,0.5624663068414801,0.5109702885059935,3.435689895188901,True
9,1,416.76946028753247,0.5798127506449969,0.520703307513191,3.3365413113559748,True
9,1,425.0483253033042,0.5776762116958678,0.5006249600376806,3.3840537467763165,True
9,1,433.1515822129095,0.5775506705145157,0.5051110495269121,3.364966726355668,True
9,1,441.7143163665574,0.5793032921718109,0.5017779819364168,3.511945741226749,True
9,1,450.0899532111506,0.589496560705693,0.5112905032460425,3.445284248969785,True
9,1,458.4099757757475,0.5770019313755796,0.5030628888555919,3.4845144284975627,True
9,1,466.7541559619007,0.5725279845266323,0.4953264985978763,3.4325471213799905,True
9,1,475.0873660200703,0.5814485763578245,0.4917406534182991,3.432552916393422,True
9,1,483.180573733055,0.5745394882024616,0.4967638706918623,3.4576343264251266,True
9,1,491.9179187190903,0.5712355247309086,0.49314302660788806,3.4085103358055773,True
9,1,499.97832593000163,0.565313964701876,0.4941075085108587,3.507057839427473,True
9,1,508.3504452990191,0.5693767219318454,0.4932593520727489,3.4456176879824802,True
9,1,516.6269667739056,0.5596916745603249,0.4903445907214762,3.4814070440473066,True
9,1,524.9933924009707,0.5582160658650713,0.49030283596205754,3.3926834620883963,True
9,1,533.2487044339234,,,3.360437345681324,False
9,1,541.7143047605842,0.5633266052570216,0.48363588225511,3.4432483717713365,True
9,1,550.0236584875312,0.5605059835379562,0.4889799921136158,3.3973702141260556,True
9,1,558.4475128467362,0.561402658054129,0.48181081854140667,3.472207434675724,True
9,1,566.6703095845553,0.5598253362285774,0.4679428039598763,3.464820069144491,True
9,1,575.0589542521008,0.5616653015520945,0.47105634001063346,3.4758723586670586,True
9,1,583.2135984190452,0.5477145745484987,0.4792343555541139,3.4171762595683743,True
9,1,591.773876393603,0.5629971528198916,0.4804517132102194,3.4632912920176047,True
9,1,600.1881034957612,0.5590496555867969,0.45761308403978473,3.449556525254351,True
9,1,608.3997281843313,0.5501662244112109,0.48003550538595546,3.435170009031653,True
9,1,616.7327951638332,0.5543869226198594,0.46566622637676996,3.4884397330694052,True
9,1,625.0510755781627,0.5603556664817875,0.4729660523821838,3.415668464288441,True
9,1,633.3226251458456,0.5380291740497416,0.46749662586523133,3.40635312361522,True
9,1,641.8876169690598,,,3.4664336718007998,False
9,1,649.924653212614,0.5428744728321604,0.4664281846680884,3.405911037420564,True
9,1,658.1563421284757,0.5339517623700653,0.4660580443103208,3.4639761505603133,True
9,1,666.7258078815091,0.5395343537822715,0.4540868587390334,3.351598915259979,True
9,1,675.0954577245033,0.5486403132141964,0.4643089790978467,3.367346422289437,True
9,1,683.3875049908249,,,3.4447570472544866,False
9,1,691.8096978151268,0.5283464123286155,0.4605010908995687,3.4701860078773503,True
9,1,700.048227495276,0.5327379922748205,0.45398089289793514,,True
9,1,708.298967823599,0.5288239379282291,0.45690550636227284,3.4504667050711735,True
9,1,716.6529043426252,,,3.4847523625313106,False
9,1,725.0995237475006,0.5086031252835022,0.45765311286439747,3.452048436850902,True
9,1,733.3983777260864,0.5144595173419357,0.44745264366522974,3.441630875084222,True
9,1,741.7515079084758,0.49840450108493567,0.45582807411981896,3.4407469681254916,True
9,1,750.1145127090933,0.5137729767343933,0.45027686281873025,3.453646844820229,True
9,1,758.3894861490934,0.5142707088899503,0.4501984903860834,3.447086884361088,True
9,1,766.8537762998513,0.5049246540308071,0.4502324508686523,3.4554597475392805,True
9,1,774.9326643299876,0.5098376293176802,0.44580515389956776,3.4088843723877953,True
9,1,783.301998798658,0.5044378300918637,0.44736875430280254,3.466625946800812,True
9,1,791.6796683180063,0.49253682808689103,0.4484851058438638,3.4990767509280776,True
9,1,799.8914277854525,0.49646019243967704,0.4323254108633008,3.4427381081421706,True
9,1,808.3837891490293,0.5064869586453807,0.43833765949884557,3.385280217103039,True
9,1,816.693181363426,0.49653600017606603,0.4446631126325349,3.39736045154185,True
9,1,825.1121839171078,0.4812040394193298,0.440927006706031,3.401485396689316,True
9,1,833.3147379026544,0.48412215635784067,0.4431784997312052,,True
9,1,841.4877343527022,0.4849601968440614,0.4408276629370026,3.4239045427683186,True
9,1,850.1341358669426,0.4913626053995946,0.4551023222295757,3.4608870457528647,True
9,1,858.1177807969034,0.4770881777950798,0.44874248814552153,3.4518422495599683,True
9,1,866.9637192218405,0.4730297201324169,0.43829506538518187,3.472991444975798,True
9,1,875.192187200401,0.48493786774712583,0.44872270739504727,3.4484671566416285,True
9,1,883.403875145604,0.4602156453607708,0.4407508659103061,3.4880803438511814,True
9,1,891.5602569407063,0.465182540434239,0.43499576342337776,3.469655337094243,True
9,1,899.90474412408,0.47035512707652516,0.4324549004981898,3.4039069576232737,True
9,1,908.1586971773148,0.4679405151798872,0.4455481960231059,3.4090025951397434,True
9,1,916.6551951509472,0.45989504538697273,0.4442261787838276,3.4301287804873,True
9,1,925.0587237162179,0.4586629248502477,0.4426023964535245,3.4810035635821963,True
9,1,933.3021552662349,0.4563282401515347,0.4352499907431263,3.4447205441353503,True
9,1,941.6973440788855,0.4585980354815499,0.4426240607033632,3.4519120193966573,True
9,1,950.1699622373964,0.45995417007362677,0.4381110611327806,3.39805628630527,True
9,1,958.120199668159,0.43824749872659235,0.4341317745052047,,True
9,1,966.7019158401763,0.4509673288519661,0.4460139301115853,3.471699247764894,True
9,1,974.9990844967698,0.4557489709230573,0.4374275297118907,3.531001864358252,True
9,1,983.3566967874626,,,3.4123002480938776,False
9,1,991.5277820960997,0.4399596394382631,0.4413635304953247,3.4275287624622184,True
9,1,1000.1271415375767,0.42896825727920596,0.4452262676822302,3.4820591196344797,True
9,1,1008.1933849065405,,,3.332693736945599,False
9,1,1016.5833296084747,0.438344507887012,0.43940210413052316,3.4897247342556654,True
9,1,1025.262394965618,0.4205406339972104,0.4402565697403029,3.467028563312656,True
9,1,1033.3698651052755,0.4415850562055933,0.4409949939239666,3.391656876778298,True
9,1,1041.530189795431,0.42935579582701133,0.44641768384080954,3.3627064485917857,True
9,1,1049.8576649411207,0.4328584425684926,0.45359876056233295,3.4552990609061838,True
9,1,1058.4458162255057,0.42462150904211776,0.43577155087920416,3.4739340538265213,True
9,1,1066.596728869579,0.4212834592630794,0.44683428253787094,3.4338066061049664,True
9,1,1075.1561520275698,0.42432769076635685,0.4501504053083533,3.45333570682953,True
9,1,1083.1718215672379,0.42839605739955644,0.4395738266643365,3.3726047576291323,True
9,1,1091.75402382442,0.4301091214318441,0.45222894795033575,3.375061668427538,True
9,1,1100.0102333360685,0.4292347447438154,0.4490064908146197,3.396583626643028,True
9,1,1108.177947465408,0.4310361584519219,0.45741329905505024,3.4426389618954243,True
9,1,1116.766610522198,0.4306856665184853,0.45646778873472243,3.397924131711265,True
9,1,1124.6958032086627,0.42491986097857065,0.4459188087971294,3.4897484711285616,True
9,1,1133.471351455685,0.4183856439966792,0.4601792813895579,3.3890575540982932,True
9,1,1141.5846023319998,0.4159496767121903,0.45575553562765586,3.410494306057881,True
9,1,1149.9470537638394,0.4171856542232888,0.4528418436138368,3.3449964129070153,True
9,1,1158.3421909117683,0.4171267119699264,0.46829481370056447,3.4126137936869387,True
9,1,1166.6354644193939,0.4263907141178436,0.44700409619238124,3.4047881550529477,True
9,1,1175.1044884991552,0.4251911982540764,0.469388797622435,3.4024133072266367,True
9,1,1183.2250621623245,0.4201645610691299,0.47352845902043883,3.464413843414691,True
9,1,1191.9749475577291,0.42348123113749386,0.4713133761458842,3.363366250405811,True
9,1,1200.149500344341,0.4269678280817903,0.4642229690159641,3.3589287708207465,True
9,1,1208.0933624803035,0.41240522287375836,0.4664973031534606,3.370071892553128,True
9,1,1216.6439986625237,0.4274380010269325,0.47970399531274177,3.3557637070928936,True
9,1,1224.9958953740843,0.4242851735847986,0.4757838902291231,3.4144386842917527,True
9,1,1233.2716099889558,0.41883138226730593,0.47315314453242385,3.406527592889939,True
9,1,1242.0404296375518,0.4220723686708725,0.47342497884126705,3.4233217360754566,True
9,1,1249.7565019646026,0.4272831059623346,0.48059429949585725,3.4349105951446375,True
9,1,1258.1445690222492,,,3.4788137989952337,False
9,1,1266.6861437841605,0.4233756319800226,0.4849396104564036,,True
9,1,1275.0018112513576,0.4202058138240976,0.4872995327684155,3.4217291874333995,True
9,1,1283.5602694965817,0.4286820940669167,0.48500052385578835,3.362704302622562,True
9,1,1291.7823920741178,0.4230463162873146,0.47739496181358115,3.340878440382773,True
9,1,1300.164774922708,0.44159037635326626,0.47963186416166864,3.3451296068008216,True
9,1,1308.4055764255552,0.4359738778622719,0.48617107435228396,3.355158783065801,True
9,1,1316.61730976997,0.43196160034610875,0.48945591013264894,,True
9,1,1324.9017026391996,0.4244694422864287,0.4919099389911566,3.4206124152353614,True
9,1,1333.3719544773517,0.4319352300376286,0.4879147446283888,3.370625022824115,True
9,1,1341.8104180612588,0.4377813517554095,0.4866571736062813,3.382927875465061,True
9,1,1349.9776574371795,0.4429518059381645,0.5000424640550063,3.3755824100004492,True
9,1,1358.2436377230983,0.4300445217243444,0.4984549794989815,3.3484386071542738,True
9,1,1366.6697367416584,0.4465745307155469,0.4990516182401513,3.4368146182489197,True
9,1,1375.253039000858,0.4500111029643467,0.49128366821253927,3.316249802680514,True
9,1,1383.6147623055015,0.44194545123488355,0.514108382397642,3.3129369934509247,True
9,1,1391.7030747466235,0.45680126936934856,0.4912392589224216,3.2728509917929847,True
9,1,1399.9589152080728,,,3.4171695867524763,False
9,1,1408.44584003785,0.45401299239453125,0.5019554902868059,3.375891026558176,True
9,1,1416.7957105020685,0.45041722039248583,0.512403219832203,3.3355147601126784,True
9,1,1424.9708654822448,0.44875183319017303,0.513470129002179,,True
9,1,1433.416813569499,0.4559954839654704,0.5177279840793145,3.2971566029248747,True
9,1,1441.8689614905215,0.45909275249097603,0.506603108318834,3.385915060671816,True
9,1,1450.2287379872566,0.4693047856636002,0.5149671166469814,3.378491284313254,True
9,1,1458.2322987501898,0.4667513703941858,0.5182970030280911,3.3331233368691753,True
9,1,1466.8556306638664,0.46522732330678723,0.5180869231670925,3.282577968199591,True
9,1,1475.0170901274553,0.4751616285099954,0.5222073877207066,3.3750418332480705,True
9,1,1483.4715709626767,0.467989070293323,0.5266010671603167,3.351850379428894,True
9,1,1491.3116238726263,0.48214890441529695,0.5134668860535454,3.3670397751229038,True
9,1,1499.9351043021202,0.47208374948325443,0.5229120602769596,3.241810614846578,True
9,1,1508.3526014113747,0.48156941314514723,0.5199561344246426,3.3211095069996315,True
9,1,1516.8171249417112,0.48730015296511286,0.523701789598908,3.28857229124582,True
9,1,1524.7262216131119,,,3.2776950925332144,False
9,1,1533.3036350672512,0.487664601345618,0.522421149001542,3.3575522222061474,True
9,1,1541.9478445300879,0.5038562491085355,0.5378649074280146,3.3106141543258025,True
9,1,1550.079041157235,0.48887275231759925,0.5318135454338857,3.2792992419756257,True
9,1,1558.3941359180187,0.5023980582039204,0.5449980666260468,3.3335734836908295,True
9,1,1566.6020539806439,0.4992073472120524,0.539491980523292,3.3604117788450933,True
9,1,1575.1756766017727,,,3.3662583751319004,False
9,1,1583.4238544007699,0.5110445640928095,0.5437923384954445,3.2714153631035336,True
9,1,1591.681852382674,0.4909523989147503,0.5411277322483407,3.291230416360393,True
9,1,1599.9554676904766,0.5112161544208182,0.5434435585300323,,True
9,1,1608.3933457488158,0.4985249105638013,0.5478283139916355,3.2918238456928917,True
9,1,1616.6720568681787,0.5185559953829154,0.562804000898896,3.2350749305359194,True
9,1,1625.0640475090008,0.5191289803093596,0.5428462365202212,3.267074214689472,True
9,1,1633.2963812249836,0.5250159017760859,0.5461860569724288,3.268603486820024,True
9,1,1641.7228339494534,0.5104324957717824,0.5494999203800947,3.307678672764373,True
9,1,1650.0937309289557,0.5234809257380738,0.554526467099688,3.2789429573925633,True
9,1,1658.3481751076379,0.5231962795946477,0.5433696679671978,3.262948104496464,True
9,1,1666.6821979191695,0.5257009364832348,0.543558236862056,3.2463157167799452,True
9,1,1674.8980874383492,0.5327933487404067,0.5567508166820635,3.2482625330962085,True
9,1,1683.5115011542196,0.5328641499366819,0.5451799791317438,3.214947396416235,True
9,1,1691.555680766966,0.5370448692623566,0.5509109250309501,3.282952803334745,True
9,1,1700.0670644114475,0.5409277288638823,0.5464650776647942,3.18193084241483,True
9,1,1708.3055620107343,0.539865755877263,0.5583826566342952,3.2872406911174235,True
9,1,1716.652851266096,0.5430909335211767,0.5527702254662624,3.3246183447790303,True
9,1,1724.72828005021,,,3.2797242341414004,False
9,1,1733.279445269747,0.5508652507468689,0.5661049065813927,3.25472131805783,True
9,1,1741.6600301217413,0.5544413289214094,0.5536165463335279,3.3025771988293355,True
9,1,1750.2123680864029,,,3.258963600492719,False
9,1,1758.3812999131808,,,3.285503745873433,False
9,1,1766.6466781989736,0.55922166556035,0.5642362180244564,3.2282430648366587,True
9,1,1774.911776968758,0.5554269323763659,0.556340697802169,3.265881913872655,True
9,1,1783.3414943664225,0.5526804877526302,0.5673914698420144,3.24064193887635,True
9,1,1791.6162808336205,0.5554910549414995,0.5622751869198778,3.3096658191441772,True
9,1,1800.0225565298197,0.5624268908330227,0.5548000994169064,3.218414099063197,True
9,1,1808.1728183948933,,,3.126194744300124,False
9,1,1816.7541066606877,0.5649360227602434,0.5541710109427105,3.2480555669259483,True
9,1,1825.0704349268585,0.572994144184484,0.5544566603239401,3.1765365254184847,True
9,1,1833.3703160925113,0.5631845814271841,0.566623077307153,3.229183495732568,True
9,1,1841.8024881832894,0.5711324640515159,0.5549382511380273,3.2318203767930016,True
9,1,1850.1554709855645,0.5777190816341626,0.5551801483169863,3.2435111222884454,True
9,1,1858.3040688916196,0.5708569627459106,0.5658897228524916,3.204667367247937,True
9,1,1866.6552875607247,0.5652170966165674,0.5628540255782544,3.200488745872316,True
9,1,1875.0212376958489,0.564386235591294,0.5580942317067183,3.1706642651292816,True
9,1,1883.15186810107,,,,False
9,1,1891.7157748836569,0.5637891246789475,0.5544647104795951,3.262872861247842,True
9,1,1899.889976590168,0.5652807857289203,0.5503240839462481,3.176628760213504,True
9,1,1908.4149781020794,0.5702618168924005,0.5488726516525962,3.21323584015372,True
9,1,1916.6367689780466,0.5798315131449671,0.5597949947094689,3.2331826321421495,True
9,1,1925.1554632057973,0.5779733558387562,0.5528301535011229,3.2228384944392823,True
9,1,1933.4154834910023,0.5917920263111618,0.5449861488681351,3.183786692318756,True
9,1,1941.6267847023746,0.5734417233298972,0.5541853615464893,3.1668616421584344,True
9,1,1950.027745412333,,,3.1746514563570827,False
9,1,1958.3694654357564,0.5835908783946738,0.5573037605856812,3.1191920818387207,True
9,1,1966.6083010833781,0.5808165565619031,0.5493363848625092,3.176625269265685,True
9,1,1975.056410909054,0.5786716574081814,0.5559779736319642,3.1914731988569267,True
9,1,1983.1931896399335,0.5842602491436554,0.5610114090307997,3.211452897737641,True
9,1,1991.3763757235324,0.5801883098254268,0.5441244020870901,3.193920374781008,True
9,1,1999.8485746067088,0.5919104161348324,0.556227708604481,3.2417954854352065,True
9,1,2008.3704384208731,0.5840236689118319,0.5535648629888426,3.177063055454885,True
9,1,2016.588994324034,,,3.1198233368114674,False
9,1,2024.838682355937,0.5693497757344281,0.5415259773555064,3.2148284227409554,True
9,1,2033.4132565023733,0.5702299234819965,0.5475046179478028,,True
9,1,2041.6809546155177,0.5671367372874694,0.5467839035831799,3.164763222145791,True
9,1,2049.8631638904426,0.5675757285634623,0.5415460017585966,3.1545355502934,True
9,1,2058.1846330892763,,,3.072743969976716,False
9,1,2066.8278800323615,0.5777441117786621,0.5425168477340586,3.13174981463645,True
9,1,2075.055535898356,0.5744805774980642,0.5370540100529677,3.135107448170014,True
9,1,2083.317595075039,0.5799844689958138,0.5410762919844267,3.1604771736809516,True
9,1,2091.7409404455066,0.5666874954001322,0.5450513170912231,3.1840497893585544,True
9,1,2100.0650753959208,0.5657479403360115,0.5301756699474809,3.1969557177431747,True
9,1,2108.5683592966857,0.5725607688419736,0.5272295914550513,3.242645949978416,True
9,1,2116.850351489235,0.565985153843975,0.5303720558436096,3.137923003964983,True
9,1,2124.9346161832323,0.5607281197364101,0.5293458015074691,3.1435952824066713,True
9,1,2133.4150126513346,0.5535426787546547,0.5301995883408226,3.0833917080344704,True
9,1,2141.9089082508413,,,3.1620024212254294,False
9,1,2150.1874375949155,0.5616712303676402,0.5237272402907935,3.173756020870364,True
9,1,2158.4388096248495,0.5471060029927706,0.522349042431707,3.176426443108032,True
9,1,2166.6319370136384,0.5490964002200617,0.5331184999544593,3.154719763058172,True
9,1,2175.0178818117042,0.562140942326367,0.52120207789833,3.1837683701903683,True
9,1,2183.4058815932713,0.552917656678284,0.5171145214402011,3.1746975482101862,True
9,1,2191.8737937304245,,,3.176723053373523,False
9,1,2200.13263866489,0.5512814688987276,0.5158121920324318,3.228506044780382,True
9,1,2208.1726863480358,0.5421127062419796,0.5235895087860185,3.160754067295917,True
9,1,2216.6333873596964,0.5339019830330866,0.5121781583132289,3.1291443311168496,True
9,1,2224.9674388167987,0.5389811974424653,0.5048503255670247,3.171884940424629,True
9,1,2233.402271714895,0.5446603637938968,0.5116006782223222,3.099265582659672,True
9,1,2241.6304953607882,0.5350619026805681,0.51673321968016,3.1617451467188187,True
9,1,2249.8571972841773,0.5338525670336954,0.5044685049128598,3.080780462129332,True
9,1,2258.438066746819,0.5257843972406085,0.5186002860834932,3.1436315552897214,True
9,1,2266.6280371348225,0.5356149425115432,0.5065875481594153,3.164634121947884,True
9,1,2274.9291890436334,0.5243000119902698,0.5161466030997841,3.1692907890221713,True
9,1,2283.56994394339,0.5061297828543004,0.503922839476317,3.1437534847099196,True
9,1,2291.9322148496162,0.5135920092186627,0.5019456739504176,3.1361230358152503,True
9,1,2299.8593294859343,0.5174349144827939,0.49992542035040005,3.1183795512525694,True
9,1,2308.471874254514,,,3.252699576400197,False
9,1,2316.8855728063604,0.5166805098101677,0.49196919926064664,,True
9,1,2324.9697401529224,0.5135075176900336,0.4895208690751181,3.1869882311523976,True
9,1,2333.4435333885513,0.5038169963069785,0.48291447863537734,,True
9,1,2341.579679437656,0.5187782723048698,0.49251824524317406,3.1680680185438557,True
9,1,2349.9178524592007,0.4974317546320111,0.48743862993864284,3.076519420176593,True
9,1,2358.4131952021753,,,3.139793977906195,False
9,1,2366.6468864463823,0.4930197183117774,0.48771250435680047,3.117546184475922,True
9,1,2374.8981736539463,,,3.1532076888847027,False
9,1,2383.3564781328278,0.4824982216509416,0.49137295695240196,3.0675819456697564,True
9,1,2391.6460268889678,0.4924710065678768,0.4801797175371167,3.1460823378973055,True
9,1,2400.030482370775,0.4885380021013143,0.4709975558111723,3.1197986230860044,True
9,1,2408.5040725381928,0.48389491052334016,0.4817599577496811,3.1465189150086514,True
9,1,2416.744996551056,0.4811344953555031,0.4682904533227651,3.1408792279695406,True
9,1,2425.0602319433888,0.48945400491649643,0.4774836885275258,3.1445268256435415,True
9,1,2433.064170327581,0.46837508802322636,0.4608519586007545,3.146800003889269,True
9,1,2441.7234801954883,0.47010220393172436,0.46903687581421477,3.1811751634816843,True
9,1,2450.13299659117,0.47276448146020433,0.46462054554479687,3.1598936018273807,True
9,1,2458.2695834801807,0.46057330117520845,0.45735989645562186,3.152846587704237,True
9,1,2466.643241412875,0.4637705173403248,0.4726391636154295,3.2139348302760897,True
9,1,2474.9445251122365,0.4705417007522311,0.46674991928263904,3.1762404740290107,True
9,1,2483.342342705343,0.46297376188973544,0.45405658631350737,3.164989215779769,True
9,1,2491.648076019667,0.45675847810645276,0.46861270902408453,3.1471240008210315,True
10,1,0.11984634891926142,0.5036391141260718,0.5614652828224054,3.261291003553348,True
10,1,8.310008404788976,0.5055504181733895,0.5644440596984766,3.3083707038782344,True
10,1,16.67232455712381,0.5085443279371439,0.5569781347272029,3.289476659436441,True
10,1,25.024272638865614,0.5091273148115363,0.562789531064111,3.3439541158732857,True
10,1,33.190882415144564,0.5220800898993369,0.5572933934134917,3.2708458857284244,True
10,1,41.89522663257004,0.5084171612917805,0.5505174875957521,3.3197638393227393,True
10,1,50.11422809437843,0.5193283757584479,0.5641546644302674,3.28309869092558,True
10,1,58.019745764761005,0.5152165200366974,0.5629447593798766,3.3126767693669668,True
10,1,66.58494873500892,,,3.3555348764110597,False
10,1,74.91149500164045,0.5256026487830363,0.557476146764613,3.3934805848229663,True
10,1,83.301378815535,0.525224585206264,0.5626772847319251,3.2901330312620427,True
10,1,91.56008032066593,0.5282476289244739,0.5602165883812078,3.336853726459601,True
10,1,99.95325312939678,0.5269895610144659,0.5478700013874646,3.3485639887265113,True
10,1,108.5720491938091,,,3.30023489772933,False
10,1,116.68509657775074,0.5295734152576551,0.5640729890131654,3.3826733489025296,True
10,1,125.09262314754992,0.5391011471874902,0.5566406127590164,3.2941485640838133,True
10,1,133.23445057673874,0.5412760075332984,0.5562280452552384,3.312019742470357,True
10,1,141.52512623473223,0.5420629869373288,0.5473983727314695,3.3560489986533963,True
10,1,149.90225915107422,0.544464107692861,0.5499901110678379,3.3110676525724463,True
10,1,158.22020583872535,0.5350175403231857,0.5502091444487626,3.362050486845786,True
10,1,166.6709547728452,0.5480237883301828,0.5512840565918109,3.375241687113357,True
10,1,175.21822736965464,0.5450649194695074,0.550342820746422,3.3580741838335793,True
10,1,183.507886399626,0.555334675693386,0.5522273557432223,3.4181236607765895,True
10,1,191.79421828465556,0.5568519855549587,0.5473793586595186,3.331990065557396,True
10,1,199.9484066960974,0.5643279878016912,0.5543027772048101,3.3969904529633874,True
10,1,208.40373574217358,0.557765561818922,0.5514669536998144,3.449569120499753,True
10,1,216.6120241037452,0.5546458800964148,0.5422043131094149,3.4076265539473987,True
10,1,225.14574198305513,0.5595340138761427,0.5433483962085387,3.3648399295821823,True
10,1,233.39268077521257,,,3.389649192883876,False
10,1,241.83305263551352,0.5593876799542886,0.5309316108373554,3.373712489976845,True
10,1,249.77679226698453,,,3.377649575250579,False
10,1,258.27695775532425,0.5725566875783483,0.5308592346898501,3.480419970817797,True
10,1,266.7164662240129,0.5647218273551777,0.5325119867949972,3.371393496134817,True
10,1,274.80870799140877,0.5772070599794897,0.5288482926602641,3.367638437936729,True
10,1,283.39754116880215,0.5680890647159718,0.5380397598995886,3.3337485040589105,True
10,1,291.7331173758949,0.5812875069652645,0.5434773180398488,3.395601386187015,True
10,1,299.95568997976505,0.5777982611840051,0.5400483237101138,3.3625999071918393,True
10,1,308.2241912792915,0.5779337421255255,0.5358013722595106,3.3679660180980973,True
10,1,316.4424174514491,0.5739897355895635,0.5228643551735426,3.3681023180114296,True
10,1,325.0226798888434,0.5886357965474743,0.5234091387226362,3.4572764005268724,True
10,1,333.566610463758,0.5859671730240329,0.5235879343747608,3.4246889181394855,True
10,1,341.6200902605859,0.5744737563166433,0.5225698942643247,3.4493833804306187,True
10,1,349.9222708307775,0.5869491479916222,0.5179946077513284,3.4153857918676724,True
10,1,358.4222428367093,0.585732351371072,0.5127377888060127,3.299137964205502,True
10,1,366.59380369088507,0.5782344153089671,0.5255452434468209,3.401472726518414,True
10,1,375.06923855516715,0.5772299777169206,0.518953078350278,3.3751264735784052,True
10,1,383.285016166859,0.5851687099278068,0.5088416630667437,3.384086962885541,True
10,1,391.90636000748736,0.5888716542199102,0.5096853918521492,3.4490060170936636,True
10,1,399.95506883282775,0.5869233619480082,0.5030905086880564,3.419579569501379,True
10,1,408.3371168893165,0.5647190225673949,0.4985677195426962,3.323185773286703,True
10,1,416.4925146686082,0.5837528739434645,0.5057438050077105,3.427172880321199,True
10,1,425.09083143240116,0.5754328898498192,0.5014119935122109,3.4835120337546437,True
10,1,433.3782780086215,0.5907899311432679,0.5082521464986103,3.4490989421850755,True
10,1,441.54943633225304,0.5767992367781205,0.5094026457454949,3.405831988519155,True
10,1,449.97799394994223,,,3.4318202754903533,False
10,1,458.29161332928777,0.5781028348418339,0.4984829731762683,3.4264880249347582,True
10,1,466.6214949926037,0.5737555587628967,0.4965696601561492,3.3761548221568582,True
10,1,474.728521203865,0.5738756447070773,0.5001505834125977,3.4716673162465175,True
10,1,483.46786644107016,0.5781820205503203,0.48666798048990617,3.437151003134827,True
10,1,491.71788467077005,0.5604755009822344,0.488937834250509,3.4374240697748,True
10,1,500.0167402902971,0.5748796445818768,0.4890578854970957,3.448315384403607,True
10,1,508.52447741569244,0.5712708549055061,0.5016531016568946,3.4089212125866677,True
10,1,516.5419095409305,0.5715098946027277,0.48938835635590344,3.4171259859570067,True
10,1,524.7434246707343,0.5633640140186806,0.48217950888390293,3.406166718602161,True
10,1,533.2299171201876,0.5755809950697863,0.4728047708447966,3.45856575314406,True
10,1,541.9082707455159,0.5671422662319809,0.4864269962386263,3.382916960971573,True
10,1,549.9123123178356,0.5731606605190078,0.4806139519904332,3.408300064272925,True
10,1,558.4236085138463,0.5525873302989102,0.48072113478120004,3.3882860282236833,True
10,1,566.3554937704945,0.5671599722505357,0.47113255984674884,3.498994305456442,True
10,1,575.0144779068559,,,3.4819788665305733,False
10,1,583.2368083633148,0.5573356862118739,0.4786104549587928,3.404882947795822,True
10,1,591.7289699783645,0.5507296793325138,0.465365718804606,3.4501543422479304,True
10,1,599.999731076087,0.564212826192383,0.4745131264028589,3.35712545457356,True
10,1,608.356181380942,0.5413426892973724,0.4768501651558195,3.531251348480977,True
10,1,616.7547473369561,0.5468587730831626,0.4675314255049981,3.534163599489953,True
10,1,625.225275423925,0.5418486866688932,0.4606450166790631,3.456516381486741,True
10,1,633.3179802580686,0.5481034632962994,0.46296384257445844,3.4186627764957587,True
10,1,641.692914270138,0.540034493070974,0.46813702944228475,3.477811080896448,True
10,1,650.1338788247709,0.5422988106257474,0.46309869019300126,3.3897651909526716,True
10,1,658.1942989513205,0.5405602018744,0.4685657040111398,3.444688867684102,True
10,1,666.4541010221117,0.5372114985760637,0.45960304811119856,3.4139928908500083,True
10,1,674.9513323576718,0.5334198647769669,0.4633156054656645,3.487607122754741,True
10,1,683.5831582709881,0.531441672407014,0.45689108456261396,,True
10,1,691.5062119584381,,,3.406875047022675,False
10,1,700.0903232644488,0.5306247620616469,0.4579239000417568,3.394581883904276,True
10,1,708.1785244812348,0.5100864132159236,0.45928495082665094,3.452835391964195,True
10,1,716.8088378726115,0.5086066780305007,0.44494379524642813,3.4558312853195896,True
10,1,725.1254593229327,0.5120921212689631,0.44446590462913466,3.4270650201207653,True
10,1,733.2060090776359,0.525838597588284,0.4553237055953546,,True
10,1,741.6193154699982,0.5182064938608271,0.4507488961048195,3.425471389918241,True
10,1,750.0026182268521,0.5033462812246314,0.44097066130503193,3.4200397053674974,True
10,1,758.4134701940819,0.48648181337040747,0.45133766375082784,3.4855655929763043,True
10,1,766.6281931177251,0.5056963389225152,0.4504935796308389,3.404979814195486,True
10,1,775.0971367101473,0.5018400077074362,0.44598429937224016,3.442505636225553,True
10,1,783.5089142093359,,,3.4617693194707955,False
10,1,791.7873479550727,0.496269288881372,0.438030909378117,3.4748409510894147,True
10,1,799.9714026312475,0.4999305209829351,0.4452489305161676,3.4837966044305215,True
10,1,808.4915894371819,0.491840047204392,0.4462209227151675,3.424452933997958,True
10,1,816.7170915008882,0.4888479965899512,0.44572609489542864,3.3971228817465087,True
10,1,824.9026140203651,0.48766397064078254,0.43905560576902436,3.4320484789443695,True
10,1,833.2201430982802,0.4847876351736415,0.4417352109577324,3.4377791252518213,True
10,1,841.9025083863501,0.4802297742697409,0.44303579054391695,3.514071924314218,True
10,1,850.0589346634376,0.4732219773812301,0.4406728587145268,3.4302072790479725,True
10,1,858.4043679826902,0.474475055657874,0.44178670271239023,3.4691244531183787,True
10,1,866.7759402828426,0.4641726303006816,0.442062652857376,3.4677852084754996,True
10,1,874.7802061165121,0.4637431781490011,0.42363524034488315,3.411769671993358,True
10,1,883.360429651429,0.4782365754348471,0.43260122288253006,3.3888706715174624,True
10,1,891.5458572728688,0.469078539967722,0.43889731419438,3.3969484429680903,True
10,1,900.1616254231274,0.4627771491491852,0.4319914707391534,3.448367370847184,True
10,1,908.2080970262483,0.46855645969806453,0.4425459705061933,3.4092133358079404,True
10,1,916.7965381651,0.4552757551683236,0.4307557989294667,3.466948789969078,True
10,1,924.9408551428636,0.46279711051336847,0.43766206394979096,3.4955950618099734,True
10,1,933.4341971554418,0.46153635490296296,0.44460267235369694,3.43605282851755,True
10,1,941.8599135494314,0.45747894518054727,0.42847160882803176,3.452284939614634,True
10,1,949.9214723336911,0.4524882249682336,0.44383446658386183,3.4079683357683748,True
10,1,958.1841862879268,0.46167327343527004,0.4525310697465422,,True
10,1,966.6450927026498,0.44978264227442327,0.43851859122836595,,True
10,1,975.1514950687433,0.4352934105484436,0.43726317541764503,3.483121938828895,True
10,1,983.3410620084214,0.44368094705426636,0.43849872263968404,3.487537669947706,True
10,1,991.6726166867605,0.43711734859889906,0.4479138202777298,3.459315230637697,True
10,1,1000.1635208448786,0.44192273449945835,0.4519728270134465,3.4109567927492948,True
10,1,1008.1737735184552,0.4339882976490528,0.44307269433862567,3.3411543026482478,True
10,1,1016.7544511675554,0.43837963173718864,0.4439374889969107,,True
10,1,1025.1177111883908,0.4421427552875697,0.4510186006592669,3.469277166639913,True
10,1,1033.1199398243623,0.43154165795798155,0.452202156767849,3.4065440660506066,True
10,1,1041.5388003576923,0.42648095384334667,0.44102423333153307,3.4020284057633594,True
10,1,1049.8755762263283,0.43753876027027383,0.43907692480234284,3.395506474305441,True
10,1,1058.561877728866,0.42067121373634936,0.45206482221322963,3.4677604421419,True
10,1,1066.6646298233654,0.4327005926982919,0.45387423672856964,3.388957959088953,True
10,1,1075.1662122597077,0.4337930887641122,0.44924748285282246,3.4155605536751956,True
10,1,1083.445015350017,0.4246966211892893,0.450217391091545,3.372870698879575,True
10,1,1091.8229136846285,0.4249255762509267,0.453122454032781,3.428695962536194,True
10,1,1099.8837150625895,0.41514324582763906,0.45136275302513895,3.421207474323383,True
10,1,1108.4278444412125,0.42542841079524835,0.45243954708533013,3.453779724020927,True
10,1,1116.727655597842,0.4288117487205928,0.4522321301458865,3.3988924545925108,True
10,1,1124.798147593433,,,3.443116693064511,False
10,1,1133.2644519875603,0.429511174378155,0.4536930896753228,3.4421766148560513,True
10,1,1141.6451639511276,0.4264990053189757,0.46293086385797616,3.401699707138795,True
10,1,1150.118291055039,0.4226841501525955,0.44593401445467784,3.505958333813422,True
10,1,1158.308142314283,0.4222182168999407,0.4670576291678738,3.3826830345720533,True
10,1,1166.6053567544222,0.419726079291854,0.4610373932373168,3.4651128578701615,True
10,1,1174.8912233663495,0.4223785207849455,0.47042581921199733,3.409571321894717,True
10,1,1183.3692336848903,0.419668213117174,0.4514671603762301,3.332217566609364,True
10,1,1191.6274769749793,0.41058861793060586,0.46755543773312763,3.4067323580712143,True
10,1,1200.069410909738,0.41863919342917455,0.4657410368634423,3.4385271427883826,True
10,1,1208.3101362513517,0.417059630828411,0.4679712600762098,3.3350034436425315,True
10,1,1216.7083100754387,0.4270514152147928,0.46773348469109016,3.411816841703489,True
10,1,1225.090289593458,0.4235436202470512,0.4709968402829855,3.433603613035096,True
10,1,1233.3330094919713,0.4184993621892829,0.48158675124911715,3.3696179405055164,True
10,1,1241.4891686209585,0.43662733961372757,0.4690628083276117,3.4592082239389494,True
10,1,1249.8719764607013,0.42081493345156507,0.4774282263120023,3.4060221120532894,True
10,1,1258.2852355400187,0.4311605606463095,0.48044904487985224,3.4457958743971147,True
10,1,1266.7874913019782,0.4204817925899975,0.4722089172400564,,True
10,1,1274.8892849278536,0.41895195440308675,0.4739348265923432,3.3093551111420467,True
10,1,1283.3105124949452,0.43291692544615096,0.4774300836476334,3.432502822258522,True
10,1,1291.585211174804,0.4308563055722729,0.4849445842045416,3.3832973957450125,True
10,1,1300.0531218207689,0.42594791576185204,0.4857542609710902,,True
10,1,1308.2060084398593,0.4424314357364301,0.4796018660021333,3.361485298323781,True
10,1,1316.5733557366118,0.4344061132844661,0.479863672126651,3.388050577683316,True
10,1,1325.0507155411165,0.42931647151059477,0.48599894301508606,3.2968673127488786,True
10,1,1333.5902420408004,0.4265733394477511,0.4888214120042432,3.329486071306949,True
10,1,1341.7879008618747,0.43737934399070805,0.4970460621005703,3.298526442050204,True
10,1,1349.9245232085068,0.43107170682980134,0.4983253706930979,3.3962373073684597,True
10,1,1358.3343826285472,0.42618054289193985,0.4936222329844811,3.3741111545089852,True
10,1,1366.6777151771541,0.4516163272949567,0.491908113360027,3.3877990718815036,True
10,1,1375.039316675534,0.4370177187574095,0.5168884022520299,3.3945380007067474,True
10,1,1383.1315877190696,0.44562095767605236,0.4973492588157465,3.436098398522899,True
10,1,1391.7258690420772,0.46203703243350597,0.5089693667136532,3.349951346978509,True
10,1,1400.1721066593198,0.43748834259302405,0.5121882417284968,3.363951923558414,True
10,1,1408.3643281601494,0.4509052058832106,0.5060897825842428,3.360094442082923,True
10,1,1416.556096451307,0.45522860330333215,0.5094046275740206,3.3040882566565943,True
10,1,1425.0347583709943,0.4608283404044557,0.5065884748907508,3.3235478188034353,True
10,1,1433.4173048718621,0.4603022266953088,0.5165111035476087,3.3675549032689798,True
10,1,1441.4645897580426,0.4482883015260547,0.5131075231932644,3.3024302364977607,True
10,1,1450.0468840440617,0.4650214434005788,0.5125724302600126,3.3780535880955984,True
10,1,1458.1659111290523,0.46720432439886994,0.513398808017723,3.3194657975292676,True
10,1,1466.4951064553265,0.466626508513308,0.5146989346420306,3.345545280478129,True
10,1,1474.787301380763,0.46814976590501356,0.5137075923377127,3.3082378289354324,True
10,1,1483.3097775445901,0.46139436140436835,0.5081789845761155,3.331680933724712,True
10,1,1491.6926641900225,0.47712598282229485,0.5260000772977554,3.3473496938560845,True
10,1,1499.9571421484134,0.48094263234383133,0.5157341667893368,3.24661696117203,True
10,1,1508.4363277469781,0.48223468797897384,0.5227232636100057,3.352882301291427,True
10,1,1516.580396785213,0.48098863805627207,0.5297968893199663,3.3097653952671453,True
10,1,1525.0274976339892,0.4930019059815228,0.5356913702749879,3.3591451749711694,True
10,1,1533.3045288805747,0.4933122900882367,0.5292543083686144,3.255014941409668,True
10,1,1541.4819907615529,0.4927940995533155,0.5303826139883137,3.2518893640316557,True
10,1,1549.9581575092,0.5023188560114346,0.5257515628446153,3.310951382185666,True
10,1,1558.2573586106041,0.48858478954324497,0.5340289393258276,3.359481608731311,True
10,1,1566.6252951776746,0.5111984207794137,0.5347953231209913,3.339856515676355,True
10,1,1575.061548980807,0.5001662887906411,0.5470812016596988,3.219565092253595,True
10,1,1583.4622629835585,0.509002446959776,0.5331589708523207,3.301541066295795,True
10,1,1591.7508375449124,0.5033176232846059,0.5511535173369778,3.293966123952567,True
10,1,1599.7548946401616,0.5075514695221163,0.5331745295293981,3.4006014413563923,True
10,1,1608.2557034116194,0.5114557003021719,0.5385170894878826,3.312305808856796,True
10,1,1616.675563932466,0.5226852361221285,0.5444103185514392,3.3441347943662776,True
10,1,1625.0080877629157,0.526549700848186,0.5327788544383836,3.279767645512493,True
10,1,1633.224976755962,0.5180405607977074,0.55613927099159,3.2879451184335995,True
10,1,1641.7432501623061,,,3.2912890255971807,False
10,1,1649.9317425499723,0.5251243719746201,0.5526864014439696,3.234222311149869,True
10,1,1658.362577191525,0.53146852231822,0.5515579137599931,3.2505616550498955,True
10,1,1666.4633231255295,0.530373977165204,0.548884839663742,3.2939799828317833,True
10,1,1675.0527565024381,0.5245048131458697,0.5477856013427542,3.2677347868681603,True
10,1,1683.3581472311332,0.5341176728881156,0.5557745045858764,3.184866764532869,True
10,1,1691.8457547681312,0.5373801774891737,0.5574156678855962,3.241938855452562,True
10,1,1699.9686041673501,0.5398406350430631,0.5585994462243309,3.270496204387858,True
10,1,1708.5552481322106,0.5369417336206109,0.5508510881414926,3.2725898632946655,True
10,1,1716.6073496538736,0.5439232798334969,0.5508027847179395,3.18316192549396,True
10,1,1725.1559481532877,0.5517425169596711,0.5721428249751879,3.2037725814354356,True
10,1,1733.5179321992023,0.553348432402176,0.5617830144150289,3.314428389267893,True
10,1,1741.7151353878091,0.553912073087766,0.5575799623053895,3.2584571522275496,True
10,1,1750.0280975252576,0.5538965326940497,0.5524066306569284,3.2677935332892836,True
10,1,1758.3093799035144,0.560462953680221,0.5659151622398102,3.314025617941258,True
10,1,1766.6183397907776,0.5540764196225433,0.5634012692661063,,True
10,1,1775.1585647655104,0.5414148097166034,0.5593035397928194,3.2971478506028147,True
10,1,1783.371052947341,0.5568560964326863,0.5680394184342304,3.268352642345416,True
10,1,1791.8824813163733,0.569326519554017,0.5645379259589727,3.174571407069545,True
10,1,1800.063928728383,0.5670901828816429,0.5582015469682474,3.2281567204606976,True
10,1,1808.2242215320932,0.5652064445963829,0.5654922079372687,3.1591122107691008,True
10,1,1816.7270064182278,0.562590540016483,0.5574520745306603,3.2099095310859647,True
10,1,1825.0378867817158,0.5676949746104901,0.5576022362209065,3.210415643958781,True
10,1,1833.2411852958194,0.5655183636477437,0.5742134867552621,3.1918558091593012,True
10,1,1841.7404452418648,0.5678469443732104,0.5560907314357901,3.235418642961233,True
10,1,1850.183878948068,0.575851655123334,0.5591286127696476,3.1984131131967506,True
10,1,1858.2964034124204,0.5860204540076857,0.5659192971080832,3.1487993266453715,True
10,1,1866.7485818920704,0.572290187426719,0.5547172203640275,3.2208041258919646,True
10,1,1874.9576847194337,0.5830444046300327,0.5587036569495168,,True
10,1,1883.5133668270853,0.5883601720424584,0.5608975820026499,3.1969426444088436,True
10,1,1891.7082261591247,0.5840683277905705,0.5588696077445832,3.198502582571869,True
10,1,1899.7191395497314,0.5724126854843199,0.5554819233814394,3.138081463156878,True
10,1,1908.2831031477326,0.5867770887473305,0.5550892934638354,3.159793599388434,True
10,1,1916.6607728282713,0.5737907052226798,0.5542653244207725,3.1557158068816005,True
10,1,1925.123556982883,0.5804618115324879,0.5582651362576059,3.143385538591571,True
10,1,1933.3402229693113,0.5700120524613443,0.5559976916885856,3.1384870649673378,True
10,1,1941.729487909138,0.5785612205404607,0.5650471151080573,3.1762778240878915,True
10,1,1949.9509032211092,0.5804662308425987,0.5499627733955549,3.182973952154107,True
10,1,1958.112587499668,0.5831592845821104,0.5579456437747845,3.157409142880973,True
10,1,1966.501766378625,0.5745552710846331,0.5513180250012601,3.201141616363133,True
10,1,1974.8446491902148,0.5644273560422601,0.545898772913612,3.147587721665391,True
10,1,1983.0600094662652,,,3.2438772661957027,False
10,1,1991.5162464295975,0.5771716333198784,0.5597389843877332,3.1743587554959416,True
10,1,1999.945607204384,0.5752947272421344,0.5437744675069593,3.164267113937335,True
10,1,2008.4639797555908,0.5724097082944222,0.5499652076090374,3.207707487240501,True
10,1,2016.7546635247093,0.5866497403372593,0.5503465184104464,3.2239539795432957,True
10,1,2024.9779341449116,0.5779222599084944,0.548935416854335,3.2081558824909817,True
10,1,2033.5429905319731,0.5720506387575703,0.5394739040241289,3.2054707454238844,True
10,1,2041.524689409944,0.5751636153728247,0.5406785330497209,3.1436613911763858,True
10,1,2049.795398903595,0.5826955992855944,0.54823090973712,,True
10,1,2058.18590958186,0.5857817777623794,0.541395703840943,3.234864506113822,True
10,1,2066.66703019447,0.5738514525693843,0.543323087928037,3.2361727252992103,True
10,1,2074.7824950573577,,,3.184181702264049,False
10,1,2083.3431236084143,0.5679683902648043,0.5386253660994414,3.126339797982943,True
10,1,2091.584154860013,0.5730029137865,0.5458169730123067,3.173042124436741,True
10,1,2100.1103030463482,0.5584301143567779,0.5506080441809418,3.2058117298528273,True
10,1,2108.326120874795,0.5644467753031058,0.5377322212192182,3.1365757651396824,True
10,1,2116.933651366389,0.563326800704019,0.5326802681278264,3.1205602885986674,True
10,1,2124.9333708616446,0.5540520198285849,0.5335040908696111,3.1331790778904147,True
10,1,2133.433846242092,0.5693601432397472,0.5304597036253043,3.1050561204753278,True
10,1,2141.621571842036,0.5695491395987561,0.5242051550691118,3.197555173777804,True
10,1,2150.161599259048,0.5570717061246518,0.5266861685372013,3.1566024482464163,True
10,1,2158.382297526922,0.5574650271519314,0.5266820023989619,,True
10,1,2166.8859027649255,0.5545786522972015,0.532746717183428,3.1736468611197988,True
10,1,2174.934966133874,0.55593332302895,0.5250604542453549,3.233619537042128,True
10,1,2183.2992847886767,0.5521341829958639,0.5172433872206198,3.0890822072244073,True
10,1,2191.589736728288,0.5436433674280802,0.5154921716681464,3.244329145377869,True
10,1,2200.1972164959284,0.5405186130971619,0.5199684444176402,3.1422031077662123,True
10,1,2208.3307565432874,0.5479418490187334,0.5289077810945064,3.130477802007621,True
10,1,2216.907705012164,0.5397464873433957,0.512516442831224,3.128017379717839,True
10,1,2225.23420667547,0.5447401132335573,0.5144202703250103,3.107635757626943,True
10,1,2233.2891619855386,0.5301896450153033,0.5191605359113655,3.1626754020233467,True
10,1,2241.5380118737835,0.5301290247563193,0.5132703898550035,3.1603363254809915,True
10,1,2249.9233383566234,0.5326495971248467,0.5089629316013338,3.1308387776241675,True
10,1,2258.388540611129,0.5203047552118729,0.5085275855599714,3.195117435904172,True
10,1,2266.8778484947293,0.5221621724725809,0.5054774552902972,3.061271554139465,True
10,1,2274.959504040646,0.5258458656250233,0.5128934631973732,3.051063169504597,True
10,1,2283.1641785118095,0.5168041839046765,0.5063564224539329,3.1551830769606974,True
10,1,2291.7710136739875,0.5316272977085921,0.49193767443904046,3.119501792766077,True
10,1,2300.132338011386,0.5191599877785439,0.49268922763170553,3.0982273358122647,True
10,1,2308.3042927403317,0.5110204483654855,0.48658913115381985,3.2321017859647303,True
10,1,2316.7740014289525,0.5174535542254016,0.49420763031523063,3.094679950478389,True
10,1,2325.213966617451,0.512948081521686,0.49436087587995575,3.20510983044076,True
10,1,2333.331104413509,0.5177844700962826,0.4884849557405578,3.149303400888163,True
10,1,2341.9633103734323,0.5119172868284824,0.4970699994366236,3.1315915055631858,True
10,1,2349.9546253216026,0.49876469258422074,0.4997961262654978,,True
10,1,2358.410583868487,0.5015169221210242,0.4775304426545431,3.1409836326603098,True
10,1,2366.648318861333,0.49056185688644255,0.48724580424488645,3.1571795918057433,True
10,1,2374.79646138324,0.4822241257135413,0.4929125496472074,3.1777260604374526,True
10,1,2383.3820850828465,0.4997446075941831,0.4821231788557355,3.249433088976838,True
10,1,2391.7146203538496,0.4890668778635295,0.48435718932429705,3.1602789280684425,True
10,1,2399.7809175947414,0.4897233162221351,0.46907274232882024,3.1633860136671084,True
10,1,2408.3337778811083,0.49060912437376697,0.477971861133945,3.1674346297796734,True
10,1,2416.5370728581106,0.47802065229575746,0.4778013340739162,3.1251410117614067,True
10,1,2425.230546353847,0.48063582587935977,0.4704635952209595,3.0913804537636804,True
10,1,2433.408226251006,0.4740057995246296,0.4752149217768831,3.1191764810205944,True
10,1,2441.652120788873,0.4820048112943834,0.4729770445279105,3.168766816588049,True
10,1,2450.064954292855,0.47029261894510294,0.4717342557874927,3.1412053252636554,True
10,1,2458.472804802229,0.4655642751647932,0.46266529399136314,3.124810188528824,True
10,1,2466.726351397894,,,3.091665457920132,False
10,1,2475.068182043382,0.45989960194119905,0.46229831569937424,3.196370159501452,True
10,1,2483.398492779989,0.4753403383670671,0.46025188075889634,3.1814017429444172,True
10,1,2491.644031086768,0.4587747198081252,0.45792126123781124,3.1865171312372347,True
11,1,-0.13761681473720005,0.5025449735314731,0.566321347615136,3.244569076767178,True
11,1,8.299960601749907,0.503741986876111,0.5619027157153543,3.2835126138043926,True
11,1,16.703910779028003,,,3.3051027051188537,False
11,1,25.095360918134023,,,3.3341989670587995,False
11,1,33.37880621076822,0.5170286425620519,0.5420772792249425,3.244941937813671,True
11,1,41.79666746586089,0.5057173143858147,0.5537725134598722,3.3154276948121133,True
11,1,50.14459580967129,0.5121850279837796,0.5600105807729346,3.257666299912487,True
11,1,58.180331553574014,0.5252450678276038,0.5532394854933742,3.2975437946784028,True
11,1,66.4770664023602,0.5238361217733809,0.5622356626255509,3.345578950387615,True
11,1,74.88910575647913,0.520055022248032,0.5569817594536723,3.2917371354039564,True
11,1,83.4915449101462,0.5233659871789857,0.550529672499365,3.3017352374591047,True
11,1,91.71277738409395,0.5299833393351856,0.5564236634788825,3.361052593689981,True
11,1,100.04752535279988,0.5324146612887186,0.5556641353440467,3.4211392367210136,True
11,1,108.39830080283197,0.5437334505372645,0.5643832862878113,3.353441627526558,True
11,1,116.68837848089356,0.5323331089677492,0.5526649803705566,3.363713726013831,True
11,1,125.11168189700852,0.5381529060472016,0.5651796376731895,3.377458515874226,True
11,1,133.4098992944747,0.5409979593371301,0.5513092756874483,3.363770937109461,True
11,1,141.38722513723667,0.5427758831733943,0.5496594683533575,3.3217683254653565,True
11,1,150.12754010321422,0.5403756687535464,0.5491722805085473,3.350685147514114,True
11,1,158.1963637931222,0.5438266967501592,0.5452693774091115,3.3097544358031095,True
11,1,166.53012492857266,0.5585984727388051,0.5596379824259172,3.3665054386158384,True
11,1,175.1146407728439,0.5596920998410839,0.5451852702537551,3.325087031626683,True
11,1,183.10644658525115,0.5601127638297987,0.5434627157222435,3.3587613390486615,True
11,1,191.71192800828868,0.5496416676430664,0.5447853282747748,3.296908565357259,True
11,1,199.97271085880266,0.5705070020445381,0.5471584863666883,3.451573776856981,True
11,1,208.41134662673682,0.5605555406894142,0.5503067810073186,3.411365770289497,True
11,1,216.64076200956836,0.5767275752362736,0.5449671092226603,3.3062151764981267,True
11,1,225.16880033535978,0.5597413759858909,0.5506737864082674,3.414201549525338,True
11,1,233.34484870482595,0.5618466865961158,0.5443448579009137,3.389878776911509,True
11,1,241.88769070548855,0.5495426285617997,0.5300494150959113,3.360877206307213,True
11,1,249.99199404292636,0.5604066286611169,0.5327956843546583,3.372410392101009,True
11,1,258.29086277869476,0.5742829342051728,0.5409095189377605,3.3881529142805924,True
11,1,266.7204975669173,0.578550719324695,0.5409872328306032,3.349909710016897,True
11,1,274.9300808090138,0.5720229762227508,0.5451706542493684,3.3336865615183933,True
11,1,283.4057088521246,0.571894459941413,0.530165619754484,3.3710664224072344,True
11,1,291.51868465594004,0.5771049325637816,0.5376172717583109,3.372802424325714,True
11,1,300.0599903203111,0.5770533388676974,0.5324683284173523,3.383075603124429,True
11,1,308.42377303692496,0.5865087853262778,0.5256922497165303,3.3993337355523643,True
11,1,316.64698357230736,0.5698112282014455,0.518592543422418,3.401887506702933,True
11,1,324.9482161392883,0.5751559710675537,0.5264936306486637,3.391915582238269,True
11,1,333.2453843507301,0.5809001146317542,0.519929562409636,3.4742861731552193,True
11,1,341.7297185385392,0.5852768439672985,0.5257482628953534,3.4786681681132205,True
11,1,349.99033742016377,0.5806565848464198,0.5273410673103219,3.423221459725765,True
11,1,358.303848286696,0.5897307969253535,0.5149285815276237,3.45360072021143,True
11,1,366.65038263171965,0.580917036242902,0.5085213613376857,3.4600278352964686,True
11,1,375.03860708763415,0.5662592434283074,0.5237806237252666,3.4155227215417994,True
11,1,383.24377243853166,0.5871512626056011,0.5110991089651036,3.421860965446766,True
11,1,391.66742649810635,0.5804824302236078,0.5150349531126326,3.4179483520867264,True
11,1,399.86438962576284,0.5791659782201989,0.5218746617170624,3.4970799122446974,True
11,1,408.3451934539394,0.5814168998010705,0.514787631965908,3.363252495076133,True
11,1,416.77676168939473,0.5785599833204788,0.5103953254433499,3.403205287545717,True
11,1,424.9555299877437,0.5888596745887839,0.5047064563087504,3.464954811340958,True
11,1,433.42831306775844,0.5772120055462358,0.5109230794474909,3.4092553575045117,True
11,1,441.72262496906876,0.578782808604278,0.5123772431919464,3.4122807804907596,True
11,1,450.059853798414,0.5776224881615406,0.49279120683467253,3.434916899705563,True
11,1,458.46836117732266,0.5814885550769572,0.5002929934743358,3.389654153945014,True
11,1,466.8458910293469,0.5768868916223008,0.4985630212316785,3.398407858239453,True
11,1,474.92646912757397,0.5693204528486112,0.48976582874890906,3.2461171187542246,True
11,1,483.3415947237103,0.5709543900757375,0.48713799241709127,3.3734662135989395,True
11,1,491.6021684056241,0.5706906769470382,0.48453602291894593,3.4152481955133633,True
11,1,499.8905515168421,,,3.454339512047419,False
11,1,508.279370512484,0.5655723808803683,0.485376363368869,3.4080290535130042,True
11,1,516.5384004222637,0.5716855167617322,0.4923628205490815,3.440478745837215,True
11,1,524.9471428395808,0.5698571924740479,0.478788513661541,3.38000894695698,True
11,1,533.3190569816061,0.5664140028005602,0.48254013514022703,3.466097829079555,True
11,1,541.4463429525879,0.5575774805828594,0.4834731164269881,3.3410087571500116,True
11,1,549.8480353874513,0.5524161566229714,0.48341310359781703,3.3658514400431754,True
11,1,558.2226334832164,0.5671823246298912,0.4776598375918197,3.4108627066135395,True
11,1,566.8181117031227,0.5643906997129966,0.4806233813720838,3.473655603920521,True
11,1,574.9443465730136,0.5547615986722162,0.47315216505152885,3.426026322347642,True
11,1,583.4246623323493,0.5570773142784861,0.47396941249512026,3.3920920425039,True
11,1,591.6775257888478,0.5582357040790354,0.4689367796537008,3.4126459415000063,True
11,1,600.0651415904098,0.5511719070741465,0.47372429018083634,3.424875106732478,True
11,1,608.4051244510302,0.555866510095236,0.4736007399009678,3.4342162917365076,True
11,1,616.700053482291,0.5537814778451913,0.45699609933257207,3.409126742909985,True
11,1,624.9847575548114,0.5598551448560117,0.469623577732927,3.361786823419779,True
11,1,633.4490319090122,0.5295728335160087,0.4626021562680136,3.4732251372559784,True
11,1,641.8023590473272,0.5443721840017507,0.47351449042848476,3.4888835353339016,True
11,1,650.014154151942,0.5510842704807827,0.4577647631299216,3.4256979754470973,True
11,1,658.3914752880917,0.5295459351773698,0.4679935567342911,3.4237917226299723,True
11,1,666.7404234498998,0.529089996823455,0.45910536504539773,3.4545522125085353,True
11,1,674.9438332204162,0.5286876252838063,0.4703709739322893,3.479974030508983,True
11,1,683.3718770204669,,,3.427629774732512,False
11,1,691.4909882486468,0.5240634895386711,0.45211715660071927,3.466866435397831,True
11,1,699.9720429122918,0.5339696370323685,0.4576606070579381,3.4900484734381925,True
11,1,708.3294734038208,0.5232989260704435,0.452969375893579,3.396615278924018,True
11,1,716.494870801046,0.5171947115743695,0.45256357396647173,3.493280258682929,True
11,1,725.1378547661275,0.5197396129327648,0.4568399537184243,,True
11,1,733.3976251908654,0.5087064146912533,0.4498379372057416,3.467259657588803,True
11,1,741.7051627666045,,,3.4995952994082247,False
11,1,750.0120260577278,0.510610342308553,0.45624967034293956,3.487501500747879,True
11,1,758.4365666073027,0.5086806447778366,0.44750525644217665,3.3491410515240045,True
11,1,766.5508353058322,0.5105192509723899,0.46524848261314045,3.4244511517029834,True
11,1,775.1289718383089,0.4957502815832837,0.434964208422078,3.3998317215351386,True
11,1,783.3153074728791,0.4985635596697972,0.443809524577156,3.4585090337545084,True
11,1,791.6169268166815,0.503050077270879,0.44958600304613106,3.41493818684712,True
11,1,799.9197007933636,0.49202167681344156,0.43974022046350864,3.471639834564054,True
11,1,808.3790249547291,,,3.4359486820733607,False
11,1,816.5038149563841,0.47951164026456317,0.4474776818848905,3.4240881825900074,True
11,1,824.9355370397528,0.48374141174560636,0.4341752074260673,3.393289201096795,True
11,1,833.1951245924245,0.4772124458194085,0.44435615198592454,3.4402960518140606,True
11,1,841.6725061727955,0.4750140154634315,0.4386616703841291,3.4300388737587366,True
11,1,850.3824485068311,0.4740101512723907,0.43507690438898483,3.4191261792490604,True
11,1,858.3401455218784,0.4763452807362483,0.4464420418259982,3.4863035417958717,True
11,1,866.6134654581588,0.4768517183083889,0.44277371851388114,3.432921140527451,True
11,1,875.2036531512578,0.473114868120181,0.4421279485509963,3.381820593695068,True
11,1,883.2421584114277,0.46950158469402087,0.4380716915482945,3.4557899409559867,True
11,1,891.4637623162456,0.4674173892795389,0.4464037290924974,3.5247390092360993,True
11,1,899.9444740040595,0.4617826385760024,0.4467490920610604,3.4047345327987797,True
11,1,908.1696219316301,0.46468582411207277,0.43348489176247784,3.384312974974222,True
11,1,916.5981229241869,0.4620828165812263,0.44435648573881636,3.4727287259872113,True
11,1,924.968006491861,0.45665698509780833,0.4412814524129695,3.489648510565966,True
11,1,933.5117089621118,0.4479481489650892,0.43736049191510107,3.4520465164768073,True
11,1,941.7293190067229,0.4519124853562046,0.4437306735747911,3.4269120274348115,True
11,1,949.9335847128782,0.44764100567248283,0.4384101809231696,3.439176257871227,True
11,1,958.533092402105,0.45254239234602206,0.4380446470458088,,True
11,1,966.6119157335328,0.44847352949665303,0.43932888387084773,3.4451374474627534,True
11,1,974.9048836854411,0.4480983386803571,0.444769906949592,3.399596479177667,True
11,1,983.2883236074431,0.450437153699114,0.44247387678399874,,True
11,1,991.5947789508637,0.4383748040829849,0.4414154481387946,3.4376805098026417,True
11,1,1000.0844450856018,0.4357071763316655,0.4453050185466054,3.4293712064101047,True
11,1,1008.3229332662096,0.4377317016809144,0.45483175530942893,3.410155199045906,True
11,1,1016.5432848929237,0.44840089842075775,0.43854359602321064,,True
11,1,1025.0053016390948,0.43686291307744385,0.4475453636675968,3.4056413436512,True
11,1,1033.4433410784977,0.43368621121026235,0.45299360451748394,3.4566447124717072,True
11,1,1041.5260689698925,0.42470082826222527,0.44758023438011063,3.5063146118992745,True
11,1,1050.0718212922009,0.4272103960193717,0.43786116053759366,3.433416168689421,True
11,1,1058.3598950035932,0.4312808855990495,0.4416388022593215,3.390735110150593,True
11,1,1066.787355080777,,,3.438792410288676,False
11,1,1074.8780778889704,0.43284404304427104,0.45139730858341015,3.4338984246067876,True
11,1,1083.3577553985301,0.4321644006938152,0.4370260885757118,3.3926331719597767,True
11,1,1091.6463235458023,0.42769763148494905,0.4477958600671559,3.4648769005145192,True
11,1,1099.9607897923324,0.4299686843710215,0.45447942077272135,3.42238285303426,True
11,1,1108.2773946489067,0.42469471588835667,0.4455376828343225,3.471255651473005,True
11,1,1116.7913770258137,0.42108806302021984,0.45178177895451205,3.3650740676725626,True
11,1,1125.1299789401637,0.4052548124779105,0.457706332574542,3.477379127211787,True
11,1,1133.0391244564553,0.4115153803253115,0.4581669537323934,3.384951076092634,True
11,1,1141.6186112140233,0.42168392440338337,0.44852031902211176,3.4294478459380424,True
11,1,1149.8903509428922,0.4225345358499612,0.45440727830417454,3.3974974238121054,True
11,1,1158.3919447031885,0.41667809760298696,0.45664824613760896,3.416477723494505,True
11,1,1166.4427431745064,0.41943112019472223,0.45748083911751036,3.3323425476546262,True
11,1,1175.087571589113,0.4126792086600865,0.46175922109469714,3.397507638741433,True
11,1,1183.335128748068,0.4254841141140291,0.4640002090985256,3.3318933963501247,True
11,1,1191.8513198739927,0.42221908519324763,0.46871604973176434,3.4799891019399465,True
11,1,1200.0521921161344,0.42610553255255984,0.46156079680282996,3.394315407892287,True
11,1,1208.2543341580358,0.41497426067113097,0.4667107548407267,3.4394875103277505,True
11,1,1216.601950188657,0.4188176305116123,0.4793140339644197,3.3801238033370358,True
11,1,1225.147781335361,0.4206019533623166,0.46797577795302525,3.389685012770085,True
11,1,1233.336422087256,0.4192351235444664,0.4692286530332618,3.3949571502447227,True
11,1,1241.5612703711647,0.4170924400903714,0.4741980259575045,3.340215449540143,True
11,1,1250.2135591704473,0.42548372347544366,0.47664782942761824,3.414067300642781,True
11,1,1258.210676687533,0.4171571845236912,0.47618690948347364,3.376048837171208,True
11,1,1266.6165165680634,0.43360459185380545,0.4736228762381426,,True
11,1,1274.8401811569386,0.43075466059467277,0.47456720249708956,3.4773156646206687,True
11,1,1283.32625246518,0.42552702126212605,0.48589444211415955,3.34809659226086,True
11,1,1291.7628866091547,0.43328908696663154,0.4843500778351098,3.3869429560997237,True
11,1,1299.8557203848957,0.4271010206746053,0.49265523024206814,3.4072880705294404,True
11,1,1308.3888844555922,,,3.369735021488429,False
11,1,1316.575575198538,0.4295638519999573,0.49947833474102804,3.4329305521192386,True
11,1,1325.1580075923032,0.4413093345154221,0.49728198087765363,,True
11,1,1333.4329361218277,0.43977106661919485,0.4883234528478682,3.436144844726448,True
11,1,1341.6069701547626,0.42363871592753977,0.4896613971840587,3.3045490566780416,True
11,1,1350.0964225982489,0.4381939974537314,0.48818960576713516,3.3062267897057884,True
11,1,1358.1144170484977,0.4405589328464019,0.4889741292238047,3.3236013223475958,True
11,1,1366.4810799942843,0.44081438274449164,0.494952896990962,3.3595043782144622,True
11,1,1374.926106418798,0.4474559968590441,0.5020995856782376,3.3618039757919354,True
11,1,1383.231940261678,0.43539614346120414,0.5022282908807534,3.339404703404072,True
11,1,1391.595430978467,0.4484781308629849,0.4979518921416593,3.3441667849103482,True
11,1,1399.97729521705,0.4435430776777707,0.5077074396283673,3.3013056888644323,True
11,1,1408.286461410415,0.4486386432481777,0.5121279277203978,3.3077339618976596,True
11,1,1416.704313197245,0.4484964485633509,0.49704194076206487,3.247599667430074,True
11,1,1425.204929946644,0.45422504069039527,0.5072161984819658,3.3696517756619433,True
11,1,1433.355601190715,0.4564906134121531,0.5117736313989139,3.3221929217610877,True
11,1,1441.713351097286,0.46713188802681294,0.5123874775855842,3.272234789821381,True
11,1,1449.8438186551434,0.468057467010764,0.511215325068164,3.412405571807542,True
11,1,1458.2427751267433,0.46503597710574834,0.5169010085320113,3.322487732674529,True
11,1,1466.7915205474094,0.4669738191925543,0.5268421855704587,3.304849571005942,True
11,1,1474.8075090910381,0.4706825356354864,0.5216699306261788,3.3046536130626194,True
11,1,1483.286693998926,0.46915247216567085,0.5193568915961769,3.2740176441082363,True
11,1,1491.6746389630493,0.47376795226267454,0.5146308722872045,3.3625148188727256,True
11,1,1500.1617505548318,0.49154328237235273,0.527043142177376,3.4115028457025187,True
11,1,1508.1433805368085,0.47914226458801695,0.5160959380994504,3.314447950303243,True
11,1,1516.3224000887901,0.49050966076729496,0.528589523938927,3.270541605652511,True
11,1,1525.063554660748,0.4849584015028916,0.5309846366182024,3.3168317303874373,True
11,1,1533.280011122646,0.4865090292881586,0.5167929520919697,3.3552019131351827,True
11,1,1541.817568972946,0.4941897601185255,0.5308802451210995,3.3065156877915847,True
11,1,1549.8154564843333,0.49319911358005647,0.5186911509106925,3.2585131673610905,True
11,1,1558.453014234649,0.49922668421175975,0.5467166109576008,3.288010110022799,True
11,1,1566.6041532023069,0.49555799533051076,0.5379809824092736,3.3076463927993247,True
11,1,1574.9428357262423,0.48902986818299465,0.5388947023846032,3.3080697778552435,True
11,1,1583.2093012007776,0.5114648618363022,0.5298372283359264,3.3453593467462492,True
11,1,1591.7747448738971,0.5004165517162733,0.5422341931906819,3.348736499424743,True
11,1,1599.926785359964,0.5032713355437576,0.5311755720672378,3.316435800672544,True
11,1,1608.3778266514057,0.5150947552540988,0.5512282086533506,3.2601574976473455,True
11,1,1617.0289754336977,0.5106858378861924,0.5470871019092984,3.2860637328785463,True
11,1,1625.0522382201727,0.5178928890422306,0.5567499530722776,3.291556906179784,True
11,1,1633.1396134261452,0.5053375778855442,0.5408957749125759,3.2941398112824256,True
11,1,1641.3915212932327,0.531794532891851,0.5471800515872911,3.3245815134066357,True
11,1,1650.0923678005224,0.5176825659416706,0.5525803526819002,3.2503418462061258,True
11,1,1658.3046589910184,0.5314877439444321,0.5433766963107413,3.293716560775334,True
11,1,1666.6464519970966,0.5287397648538844,0.552139452997938,3.30635783318099,True
11,1,1675.1422407781365,0.5342979375977824,0.5391771192050172,3.2446320061158787,True
11,1,1683.354147886296,0.533049374233655,0.5607327324492066,3.2699232393952737,True
11,1,1691.5173917979566,0.5470888852549235,0.5448996845073577,3.255741320933323,True
11,1,1699.940544676366,,,3.293752071867214,False
11,1,1708.362412216576,0.5458512867447203,0.5582267056192286,3.166643044535121,True
11,1,1716.5445665462182,,,3.2858199092555487,False
11,1,1725.031074279744,0.5433281864660396,0.5532273501157068,3.238818604205215,True
11,1,1733.3448458366424,0.5466287710515366,0.5592420754163985,,True
11,1,1741.682118450322,0.5402104442644471,0.5613515223621892,3.2643797597234756,True
11,1,1749.9512495173726,0.5541665617708352,0.5598510594658599,3.224568330071745,True
11,1,1758.3199270747912,0.5477240385404067,0.5633313663228501,3.2521530340992246,True
11,1,1766.6326618734652,0.5644904107680623,0.5619309146744078,3.273822820413522,True
11,1,1775.1422464106022,0.5601638690035569,0.5554159839770413,3.2654385352780344,True
11,1,1783.2508932117737,0.5674504741331461,0.5593299291782535,3.170506056257859,True
11,1,1791.4834619193,0.5593160626056042,0.568814692542863,3.2163504368355667,True
11,1,1800.0210664407148,0.5652138864052304,0.5487167780100002,3.149415691873739,True
11,1,1808.3123024540605,0.5716006300640034,0.5583545451858622,3.247729417789778,True
11,1,1816.418526441275,0.5547409105414732,0.5596203621527538,3.2514084763909996,True
11,1,1825.0662853123235,0.5599510543757272,0.5549251258638088,3.235559070914532,True
11,1,1833.2494502729182,0.5690763766422609,0.5706977626978306,3.174538188766067,True
11,1,1841.4483987654228,0.5608366687023381,0.5604445595299978,3.2224881771457063,True
11,1,1850.1168063931211,0.5715198866087481,0.5581607228536472,3.193722758465802,True
11,1,1858.3033484398795,0.5741398759285613,0.5579894991382042,3.218700174148182,True
11,1,1866.70423193199,0.5822279232113677,0.5640468812333415,3.1786862794830677,True
11,1,1874.913218849236,0.5728472769466234,0.566826954709912,3.210038891739188,True
11,1,1883.5460040528467,0.5748729969982046,0.5495040308653719,3.1512578706918024,True
11,1,1891.658503158326,0.5738250569501411,0.5542071312350481,3.1501523502142357,True
11,1,1899.994028576035,0.5797466218511871,0.5488416393822535,3.2155973229855404,True
11,1,1908.3966681540892,0.5727037847630305,0.5535938063556501,3.239869407248701,True
11,1,1916.639556655525,0.5843447295988502,0.56700142969332,3.2819245189576653,True
11,1,1924.8863142637358,0.5825433159865352,0.5584517452940221,3.2068475763794906,True
11,1,1933.3539765571443,0.5764163827113437,0.5520618272600539,3.18587984698897,True
11,1,1941.611835838213,0.5991900054302554,0.557826670041093,3.1324598746857273,True
11,1,1950.0071173028537,0.5890759704274238,0.5740637976438319,3.135505655444076,True
11,1,1958.2420314579458,0.5762135676255801,0.5594668126025885,3.1733460087601895,True
11,1,1966.6054219705316,0.5791278813449832,0.5523252098281413,3.238740015772735,True
11,1,1975.2135189296014,0.5724922430629871,0.5567170380950669,3.2166935307387554,True
11,1,1983.44436097427,0.5635619810562904,0.5492451926029066,3.1686344628500924,True
11,1,1992.0137455605718,0.5780141211428547,0.5462594326874333,3.1579921063337184,True
11,1,2000.013262064857,0.5860369519722501,0.5448665538809476,3.210521377602354,True
11,1,2008.431102945658,0.5842728724527645,0.5497881607741256,3.15167153739704,True
11,1,2016.7635112404998,0.5852168987644704,0.5464194368349669,3.1233866512487163,True
11,1,2024.9485459199343,0.5786301047800814,0.5516907376756337,,True
11,1,2033.2489832935287,0.5655781283429426,0.5451519230370755,3.148406733566396,True
11,1,2041.6215145509434,0.5794068615011161,0.5387067854912755,3.104873411479598,True
11,1,2050.0884411117922,0.5729547781061641,0.5472067821801873,3.170482841546263,True
11,1,2058.4002238135054,0.5748818621791799,0.5484079336739093,3.2608484921094703,True
11,1,2066.6556345901445,0.573764515349043,0.5501901671938996,3.22717271637209,True
11,1,2075.0778008890493,0.5660656555445398,0.5400361683482292,3.1589159170651446,True
11,1,2083.554372061983,0.5759274929366667,0.537097274190827,3.118855193312254,True
11,1,2091.669995697243,0.5737812325127672,0.543976370738235,3.166801102113844,True
11,1,2100.004911036796,0.5785704251232356,0.5409963564658217,3.1872033418620607,True
11,1,2108.1155685728418,0.5748998909503137,0.5367926528948379,3.1982450962986984,True
11,1,2116.7181358416346,0.5614630350335086,0.5273344391885639,3.214848169819687,True
11,1,2124.8759369378613,0.5647218278520204,0.5370346042485726,3.18877354189071,True
11,1,2133.381468852169,0.5569131909472782,0.5391614048327841,3.193402437143169,True
11,1,2141.836118777932,0.5532269566896798,0.5156883821682104,3.1132368955834013,True
11,1,2150.1823299011253,0.5498323335423771,0.5251622175324325,3.083906519199697,True
11,1,2158.2061830400676,0.5508411004467234,0.5228499631670588,3.1485832026388225,True
11,1,2166.7662652194185,0.5427331215431357,0.5224536715921393,3.1555981598867615,True
11,1,2175.158865448355,0.5549081166548767,0.5200479828736161,3.1014856931472945,True
11,1,2183.262069148726,0.5612954612092007,0.5303417579736827,3.1789054946015987,True
11,1,2191.6080332460924,0.545885488812174,0.5198385862676965,3.192643979882863,True
11,1,2200.0166419442166,0.5440618461598505,0.515294638697206,3.1817333132319394,True
11,1,2208.39647261606,0.5389053880301297,0.5222125053308713,3.1032921441613377,True
11,1,2216.5945427293423,0.5393789935388406,0.520104808656524,3.177930821659215,True
11,1,2225.1649746044363,0.5426335731126993,0.5147005408865483,3.195773086530889,True
11,1,2233.4856965695453,0.5373200000046523,0.513825654238337,3.1296769095014345,True
11,1,2241.7200039501363,0.5360787731046801,0.5040541842221439,3.1222700786229134,True
11,1,2249.8345043246354,0.5320140783228169,0.5055588050846345,,True
11,1,2258.303429680602,0.5250190847143246,0.5155194547878708,3.1481668109143803,True
11,1,2266.7175812898754,0.5218641797984843,0.5156545119304055,3.1478685107686815,True
11,1,2275.045115289794,0.520999354988404,0.5043635960973898,3.215485734718545,True
11,1,2283.205264063029,0.5306985223353183,0.5092007687020398,3.1516839793250786,True
11,1,2291.658009052893,0.5251465601357547,0.5071586866647895,3.171882752159562,True
11,1,2300.004512173051,0.5206133648213482,0.486772691020899,3.137927262886204,True
11,1,2308.337491978708,,,3.212002885065752,False
11,1,2316.6311975117947,0.5101243952472039,0.49635228819809335,3.2474774057870532,True
11,1,2325.0868827274703,0.51836102538507,0.49440202337646033,3.1106098662850306,True
11,1,2333.05913692521,0.5113326954792141,0.48908808907038376,3.1482380830238603,True
11,1,2341.5345633706415,0.4993823548676428,0.48913737580993005,3.1054713289559635,True
11,1,2350.0691793512947,0.5058223477439624,0.4914566990310687,3.105726980204475,True
11,1,2358.3404083500063,0.5036179698420167,0.47856307729871833,3.1358467808077766,True
11,1,2366.7320567091683,0.4972814003721346,0.49368161255327286,3.1269661515937637,True
11,1,2375.1906338995996,0.49216375678351426,0.4703849387036562,,True
11,1,2383.3664179256753,0.4909280389965537,0.48726475748298675,3.1964347955489076,True
11,1,2391.413413000254,0.49283522109257083,0.4854324899865205,3.05703103543246,True
11,1,2400.0714242299077,0.4899608396511338,0.4730735466644907,3.151467372033695,True
11,1,2408.3257584093813,0.48445111516734246,0.4753619070251208,3.107088890979738,True
11,1,2416.777402104711,0.49155826143094755,0.47617214335249314,3.1408519383324065,True
11,1,2424.950218587318,0.47371323760512396,0.476170362178414,3.1653995913448267,True
11,1,2433.405087025209,0.4777482321300788,0.4646596996070949,3.123729515215598,True
11,1,2441.561535795444,0.46864612849527776,0.4648933741429177,3.1554635987292268,True
11,1,2449.9063566048635,0.47359485107133764,0.46112235508847854,3.1189032469224713,True
11,1,2458.2602911133763,0.463244417034621,0.47055310624421637,3.123463394412761,True
11,1,2466.643816175524,0.4687123508403756,0.46636690798616126,3.054021573849796,True
11,1,2475.1559503995977,0.4545923963386552,0.47259103751031,3.122750790989897,True
11,1,2483.4448623804237,0.45871341972933366,0.46777394181595794,,True
11,1,2491.6491681665952,0.4567711054947304,0.46742360106349445,3.107664196820436,True
12,1,-0.12148364153099128,,,,False
12,1,8.207328808740717,0.512252499796718,0.5618594978949499,3.3330287383149133,True
12,1,16.76002124132162,0.5046973805347857,0.5553160092282166,3.363317191371358,True
12,1,25.31866683945748,0.5067085329040274,0.5673188577529245,3.2558828552790113,True
12,1,33.391378479366935,0.5070097428479625,0.5682761852578759,3.2707173009087764,True
12,1,41.5513068777067,0.5161687131899575,0.5580673708829128,3.3134878941409496,True
12,1,50.16928958900257,0.5186039626332971,0.5648538153155385,3.3070287541509784,True
12,1,58.248620165911284,0.5241891575056367,0.5525647576505984,3.353332897029704,True
12,1,66.52475637698258,0.5129695964344977,0.5584536813137513,3.245547244392952,True
12,1,74.62319411712447,0.5291045392460266,0.5576021592755187,3.3314819078162743,True
12,1,83.38835516339864,0.5217579015528249,0.5501306838263664,3.3121444603402006,True
12,1,91.71110969933859,0.5198354382674337,0.5546322167491938,3.296354756593974,True
12,1,100.14759260744675,0.531659952562221,0.5612528500742238,3.332785361985956,True
12,1,108.14703323525389,0.5303194696042376,0.5615261834799818,3.411825575227592,True
12,1,116.80660450647451,0.5307885500493736,0.5606244996122189,3.339112213001788,True
12,1,124.81111797182037,,,3.354191070000708,False
12,1,133.56630581546858,0.5398309934897998,0.5491973483311644,3.3206450571481003,True
12,1,141.80850666032856,0.5354969082169727,0.5658567863549233,3.312949940655307,True
12,1,149.8716133546466,0.5454814258753993,0.549667058462256,3.349755645918661,True
12,1,158.489424948838,0.5435492127249819,0.55088671637947,3.319099474233994,True
12,1,166.52759310542783,0.5406594464620063,0.5529374281191997,3.37802065456593,True
12,1,174.8735584744589,0.5416046836534387,0.54952942436101,3.3891994928325464,True
12,1,183.14030369908554,0.5521303748424687,0.5407717222329698,3.3699839430471368,True
12,1,191.7846345395572,0.5556406034387817,0.5399389489627237,3.3792515884516554,True
12,1,200.05157984551354,0.5585668990761062,0.5524943321979966,3.334777645383317,True
12,1,208.1342356521548,0.552008545835924,0.5423405444391546,,True
12,1,216.49525914283447,0.5570524395747491,0.5504631654382615,3.3556246604148217,True
12,1,225.01625407459298,0.560701595947998,0.5444958192581024,3.4050555453958635,True
12,1,233.33483224781716,0.5648426870054403,0.5487604236533843,3.3840481536621208,True
12,1,241.80206924343716,0.5774295920248742,0.5413201929023596,3.3789210942676355,True
12,1,250.085712532592,0.5605349374993257,0.5265291847373933,3.406516114860318,True
12,1,258.32963451659094,0.5701298914569876,0.5325023873121403,3.3641774389170944,True
12,1,266.5386465444691,0.564101156797712,0.5340758242388284,3.29700993523958,True
12,1,274.9514125239167,0.5729637918546723,0.5328562859216064,3.375469692975652,True
12,1,283.34941990267913,0.5772122541984983,0.5322262352085315,3.420457138139708,True
12,1,291.65643251963485,0.5715576807863505,0.5215720476307742,3.449360460993055,True
12,1,300.10585195403814,0.5834616649833355,0.5293488819225322,3.3885293887114187,True
12,1,308.4425052912404,0.5822026851191269,0.5222953572855219,,True
12,1,316.6850105662817,0.5726540616481858,0.5304657214901569,3.3775897902025283,True
12,1,324.9584920483833,0.5732576013743224,0.5211214464642706,3.3922375198634334,True
12,1,333.4081854945068,0.5824503168266799,0.5271295639811275,3.3715772509681154,True
12,1,341.4835502934126,0.5758158874965174,0.5274507171829308,3.4296613717005884,True
12,1,350.1343849426154,,,3.425654679476855,False
12,1,358.3562669266944,0.5730370600661175,0.5248197058958005,3.338424374313652,True
12,1,366.666307548937,0.5841686236096376,0.5254870904438602,3.4284777374128126,True
12,1,374.9585400869223,0.5912449624298929,0.52557729400221,3.411146709441425,True
12,1,383.2407648715395,0.5814031972015163,0.5185471349602597,3.426373768518468,True
12,1,391.84067726007595,0.5807246594156477,0.5156958959659236,3.369464918960003,True
12,1,400.00627342253495,0.580174514532673,0.511404718712317,3.391762301061368,True
12,1,408.3888747935136,0.5839006771909232,0.5159545114898103,3.420886387877574,True
12,1,416.70630490165405,0.5755116890911948,0.502790899752511,3.4240233220445155,True
12,1,424.82387233583404,0.5707573918337798,0.508446778325253,3.3994199522716224,True
12,1,433.2798674555879,,,3.502831944506871,False
12,1,441.62160169551504,0.5877722466323498,0.5032105981777323,3.3982299149163735,True
12,1,449.9250492079704,0.5772039523702749,0.5019630575940922,3.4446276545622494,True
12,1,458.2062049677386,0.5703623155034876,0.5034112808771496,3.4502397587280864,True
12,1,466.56346592636,0.5734531004550695,0.5071167502366684,3.357932534075799,True
12,1,475.2020528624859,,,3.427227991396174,False
12,1,483.4562166574312,0.5812250055277997,0.49880499912931897,3.444468925411008,True
12,1,491.8003702453273,0.5755633941760067,0.4876698428120174,3.440722704503557,True
12,1,500.0784445401714,0.560229007994532,0.49373021539081585,3.422939569953817,True
12,1,508.295566903525,0.573113586085079,0.4900992758406082,3.3983833214771835,True
12,1,516.8018590656065,0.5733183496289341,0.4885197905594439,3.4223857608479866,True
12,1,525.1380570579721,0.5717327681682524,0.48438467870958596,3.40000553297445,True
12,1,533.5725183084,,,3.3853925777970355,False
12,1,541.6611970355469,0.577151189638849,0.47877945004975153,3.461768718256065,True
12,1,549.9138385970676,0.5613397069951529,0.47714382595343924,3.423922283829659,True
12,1,558.5489817490584,0.5555290202391011,0.4721284200166622,3.4857591141027235,True
12,1,566.5958952787912,0.567179740972383,0.4760522738395715,3.446677204899997,True
12,1,575.028322969156,0.5654802130757399,0.4813995429349234,3.387583524245868,True
12,1,583.4037695347422,,,3.4538408387465624,False
12,1,591.7874460219373,0.5502820440155128,0.47460230614507554,3.4111906556654716,True
12,1,600.0820735207185,0.5559791695440386,0.47209559711059385,3.4469009739300356,True
12,1,608.4455468625748,0.5518220459238362,0.47411645457189533,3.4418907101031477,True
12,1,616.4221478177489,0.5516836443242594,0.46800066062260315,3.4490524162613765,True
12,1,624.9358973265363,0.5408900161449265,0.46389615744032986,3.437375670428284,True
12,1,633.3665486497918,0.5588410997501528,0.4703257456885147,3.3750134172472355,True
12,1,641.5694657968447,0.5508067646839174,0.45503381291893463,3.4553341956261483,True
12,1,650.1024656747371,0.5372891136423014,0.46691335006414,3.4024705076518296,True
12,1,658.1374204410893,0.5494571996435679,0.4678606983641308,3.504074391272911,True
12,1,666.7525718344971,0.5462503106067484,0.46114202582206937,3.4663577338916065,True
12,1,674.9333383478732,0.5346879658273731,0.46010179770269544,3.503600424293927,True
12,1,683.3845951742438,0.5344551907599339,0.4580935136694057,3.457459700571812,True
12,1,691.5462474059383,,,3.412299667712397,False
12,1,700.0136948282342,,,3.457424952716086,False
12,1,708.2104935479339,0.5225188481839251,0.4533916335528915,,True
12,1,716.5885233998326,0.5305026497076484,0.4568615978192804,,True
12,1,724.8763422479561,0.5127366560726758,0.45443001945515976,3.4993018003076632,True
12,1,733.3303062298909,0.5167110414701995,0.4449236492473888,3.467111312497353,True
12,1,741.7982301002219,,,3.3948947921774986,False
12,1,750.0750049353217,0.5163699997714448,0.45221933363174616,,True
12,1,758.4075231794208,0.5120250518298515,0.4518266259237287,3.518042562949923,True
12,1,766.6199276655897,0.4980362009455348,0.44266762107319435,3.4742956476733746,True
12,1,775.161015418117,,,3.445086271442865,False
12,1,783.4675492504936,,,,False
12,1,791.7400274531626,0.4930749179801152,0.4454404988871674,3.4811196537776192,True
12,1,800.2935479695481,0.49749672948734075,0.4491834691509532,3.4792392100269383,True
12,1,808.2434393606441,0.49638026793789897,0.4358264403898391,3.5159033119818126,True
12,1,816.6665206358908,0.4794736693845183,0.44708731681292835,3.4148756941694822,True
12,1,825.0141375393888,0.48586041014135395,0.436624744399878,3.437855411671411,True
12,1,833.4833757012861,0.4814033787535277,0.4392332606925239,3.4736352405946276,True
12,1,841.7032722742869,0.48206448431348564,0.4411908558757239,3.4155682241730676,True
12,1,849.8290448143539,,,3.4085099678018476,False
12,1,858.2623870970649,0.47186622124958827,0.44244692905652677,3.433815501886255,True
12,1,866.6813817444146,0.47524751333376875,0.44149778027362113,3.4153933188855565,True
12,1,875.1415591966394,0.471850633768651,0.43965808765522774,3.4473824362557517,True
12,1,883.3243167298712,0.4672774106261837,0.44288676891739953,3.488079981162308,True
12,1,891.7069946594698,,,3.4545947248678286,False
12,1,900.1453370075757,0.46759536382672556,0.4465758894139165,3.3770684289044155,True
12,1,908.2851488125392,0.4620490895093863,0.4367926169875712,3.419630455179293,True
12,1,916.6345497161535,0.4603438790210762,0.43980510863053274,3.4385875929793177,True
12,1,924.9616472806052,0.4628535674245103,0.4374662692940931,3.456481154303268,True
12,1,933.1570298138251,0.4596840238333147,0.4406485310346859,3.466002775287864,True
12,1,941.5730316689943,0.4521623469931589,0.4425480091537791,3.4246944473771554,True
12,1,949.9729847477776,0.4467967914728402,0.4564604665926805,3.3503721279946954,True
12,1,958.2158405316594,0.4581711428035529,0.44120347724827474,3.3371719022392283,True
12,1,966.5747462099383,0.4464918172546264,0.44073831074604664,3.579732581948478,True
12,1,975.0838792526617,0.45571922851593843,0.44211127253119453,3.488493683943655,True
12,1,983.2384162408687,0.442167578371117,0.44769148948406207,3.481037541273195,True
12,1,991.5350704891607,0.43501183288033596,0.4462904599195913,3.4548142804522004,True
12,1,1000.1287997508002,0.4413496267935269,0.4505515834038369,3.359269908146867,True
12,1,1008.1189696966586,0.44758205388386685,0.43148674342873905,3.4450147138759175,True
12,1,1016.7535842981025,0.4387445201859485,0.4468175315272099,3.420434730828284,True
12,1,1024.9514126396382,0.4228103587593393,0.4376146053599855,3.4367374574980034,True
12,1,1033.480497974943,0.4296155737194873,0.44358723611412376,3.4635395407321954,True
12,1,1041.7333961427698,0.44392493966743707,0.4439578953576934,3.391755610325836,True
12,1,1050.3135885895565,0.4441211366979013,0.4449775102903475,3.4569226261195563,True
12,1,1058.47736510486,0.4218069480628276,0.43955810963303305,3.5043783060628444,True
12,1,1066.7170547588337,0.41858743278203764,0.44205411350281,3.47724359518039,True
12,1,1074.7112500860253,0.42942706178735085,0.4494400967115733,3.4200389855764395,True
12,1,1083.2615338225128,0.4349262650489907,0.4448725515564291,3.477653797601916,True
12,1,1091.6306560515713,0.4204626166539403,0.4515605826286229,,True
12,1,1099.9216355394342,0.4254711340690271,0.45306091758503375,3.3889929526299687,True
12,1,1108.222948574965,0.41412022374709484,0.4544279065277174,3.4441238630301863,True
12,1,1116.5890854606744,0.4244826269317127,0.4487343648960279,3.4464488556260706,True
12,1,1125.053568520154,0.42187155103688967,0.4561206961664482,3.421634764152773,True
12,1,1133.3147289351596,0.41551404784060464,0.4535930559642212,3.4590859348319167,True
12,1,1141.7135667513085,0.4326032889096228,0.46898808005768,3.4716661904922215,True
12,1,1150.1850819182212,0.42352707940710654,0.46690238428535624,3.4221970741366188,True
12,1,1158.2173666268845,0.42653040562681566,0.45829349584516,3.392309709765431,True
12,1,1166.4624894321507,0.42195887984892494,0.46488972467480016,3.3597552632420005,True
12,1,1174.983656088881,,,3.347414787739778,False
12,1,1183.3451627920474,0.42348782177637945,0.46673440110521264,3.355906765946171,True
12,1,1191.6344590031401,0.42376035788508176,0.4628352085697411,3.373481780922371,True
12,1,1200.1112718535876,,,3.3580285662101295,False
12,1,1208.304874503346,0.42290487932938714,0.4658238469095834,3.453573073403918,True
12,1,1216.7289305125064,0.41556170355372096,0.4552655348283253,3.3884000689393745,True
12,1,1225.099723639021,0.4277699604818579,0.46309471777834665,3.40694702899923,True
12,1,1233.2953088331285,0.43008756059191705,0.4752817782804405,3.4522731476868045,True
12,1,1241.7640692807247,0.41809661372787466,0.477946568953775,,True
12,1,1249.9318331318389,,,3.3912892403665706,False
12,1,1258.3272718284616,0.43874660551738776,0.4788227018312339,3.3495316678996687,True
12,1,1266.7609659334837,0.4269548595953659,0.48557460136363784,3.3542254846903097,True
12,1,1274.6782114600703,0.43023830217176484,0.4844592269678413,,True
12,1,1283.351053132153,0.4253923758953547,0.4857778562430782,3.353220049104404,True
12,1,1291.7257923768843,0.430868056772663,0.474793407088625,3.391699907729941,True
12,1,1299.918338079284,0.422006940107155,0.4852475892200418,3.408344471703695,True
12,1,1308.4112857914201,0.41234383392191015,0.47451231995963966,3.409022662339195,True
12,1,1316.7211454563392,0.42906485618903184,0.485541837300965,3.3499356693608586,True
12,1,1324.9299427433796,0.4356708529317791,0.480865272731853,3.3985592349556666,True
12,1,1333.2396527155222,0.43749520921025514,0.4854081377070287,3.325493413340371,True
12,1,1341.6670165729936,,,3.363122624784008,False
12,1,1350.238660981421,0.43825746900894247,0.48823578756766617,3.3765036256506846,True
12,1,1358.3037629118055,0.44620814331624503,0.4913508105390972,3.315972889375685,True
12,1,1366.5875742077437,0.4379660670528756,0.4987171403615208,3.424339895915285,True
12,1,1374.9340935570262,0.4444097119310706,0.48542086850886124,3.3854964375302634,True
12,1,1383.3327110914856,0.44231599617454065,0.5027073327956351,3.40657588220583,True
12,1,1391.7951962222137,0.44503896334730597,0.4988868319544336,3.380992673785277,True
12,1,1400.1955013527563,0.43975251171458357,0.4998961775511723,3.3901834248810445,True
12,1,1408.4468258715053,0.4420845259475697,0.5082005040586276,,True
12,1,1416.7766902646615,0.45802052528634024,0.5091879477298072,3.384416075299901,True
12,1,1425.04714086503,0.4560799751992474,0.5155899570268205,3.325894855937717,True
12,1,1433.3420225604489,0.4551549402393933,0.5048270827686437,3.4387549319142274,True
12,1,1441.7316576991047,,,3.3189969340507837,False
12,1,1449.8931402026922,0.45417979394218855,0.5116842958179836,3.3877801914976673,True
12,1,1458.299653906341,0.46098232096076525,0.5193242422292584,3.3090026044505665,True
12,1,1466.7054080221765,0.470924878411936,0.5210289214966829,3.327181103412293,True
12,1,1475.0110557868622,0.46611598220385286,0.517095236067514,3.28255488455414,True
12,1,1483.3545133759455,0.4648298460790855,0.5200943509086623,3.316178477863436,True
12,1,1491.563090096439,0.48896330509582914,0.5288411700416271,3.334587802533637,True
12,1,1500.059971889339,0.4781126767903925,0.5174582836529196,3.333011661276575,True
12,1,1508.4565123928444,0.4757129511279674,0.5236816210716282,3.3645295928676537,True
12,1,1516.789261522554,0.4816423415497054,0.5138449691625999,3.285496881533171,True
12,1,1525.1777524038134,0.485908660690682,0.526156777085666,3.3280519018620107,True
12,1,1533.3569196324843,,,3.271965433306267,False
12,1,1541.6786686892935,0.4878178289182431,0.5321623192768014,3.2872536168047586,True
12,1,1549.9771815275155,0.49673983200146027,0.5319199864354585,,True
12,1,1558.3023136490394,0.4885214233733323,0.5311744033325452,3.238678486103708,True
12,1,1566.5854519631614,0.4899985651451399,0.5348057824813363,3.3268091098319332,True
12,1,1574.9444878881336,0.4996330917884712,0.5374123492984666,3.2787610060412806,True
12,1,1583.1992724098275,0.5066061277530263,0.5313639915367713,3.2732183276612252,True
12,1,1591.472421009035,0.5124316421017033,0.5445925584928473,3.2721971187196868,True
12,1,1600.161152331839,0.49336124462529,0.544451107318197,3.296253995251894,True
12,1,1608.345094284801,0.5246897843395351,0.5479101913896209,3.2505234176844,True
12,1,1616.6265638308855,0.5058924438273762,0.5549820682564893,3.3273205814587197,True
12,1,1624.9933809276279,0.5207556398183111,0.5394396333691673,,True
12,1,1633.307241300588,0.5092882334828573,0.5396259354118894,3.3028757608426313,True
12,1,1641.509747847818,0.5209836787352762,0.5552361709045197,3.2389253392159816,True
12,1,1650.0439555926039,0.5311574119635896,0.5454108884695866,3.2782349101316397,True
12,1,1658.370470695078,0.5347044629242296,0.5545361235192353,3.2891000836746027,True
12,1,1666.6371833994444,0.5328356528051397,0.5528784472894973,3.2449513736604843,True
12,1,1674.8782559988763,0.532185732019836,0.5505506155334771,3.280419391903397,True
12,1,1683.323634931421,0.5364384781382405,0.5575606395769769,3.260183451465157,True
12,1,1691.6472902326566,0.5416883993931048,0.550589199951734,3.2366936199726632,True
12,1,1699.7931066554486,0.5398156937522389,0.5468394355345001,3.2790468505427963,True
12,1,1708.2350501203957,0.5290931582866587,0.56211257952697,3.269277745802668,True
12,1,1716.5239076508858,0.5419526888906887,0.5565512670707513,3.1733046403710095,True
12,1,1724.937499179851,0.5338249155368849,0.5599081986040367,3.2934406540260435,True
12,1,1733.3694344994499,0.5587537947029172,0.5559262475022044,3.196652546829942,True
12,1,1741.6073026453223,0.553170979096668,0.5565472716730584,3.2954194056787838,True
12,1,1749.8586334355928,,,3.2071144253136867,False
12,1,1758.5972819353858,0.558196784560644,0.5679713590026898,3.243483552099222,True
12,1,1766.6547565582175,0.5569893011580164,0.5616900330215986,3.177838779842267,True
12,1,1775.005743283132,0.5589653905297556,0.5626938593971349,3.160621281886843,True
12,1,1783.2077090155062,0.5519573929371739,0.5558643410897767,,True
12,1,1791.484499897464,0.5492637333200603,0.5540902833484976,3.235124872352504,True
12,1,1799.7984391135212,0.5696978226738473,0.5631678502377134,3.284906499177883,True
12,1,1808.4125497255798,0.5550058938363089,0.5648206065191524,3.3535159815122606,True
12,1,1816.7638417557189,0.5653098180934817,0.5553727644058405,3.2196838604538,True
12,1,1824.886317086633,0.5659283937626287,0.5621724364115979,3.208480434577279,True
12,1,1833.1936473631229,0.572140967149152,0.5525786112767288,3.2312644420427494,True
12,1,1841.7256342348549,0.5629700340706892,0.5530125829401717,3.197444626562502,True
12,1,1849.9933182246007,0.587043949338427,0.5602451154366938,3.2003113693606466,True
12,1,1858.2988102962927,0.5762418555748544,0.5661871396206178,3.153019136104612,True
12,1,1866.8963506891048,0.578050511211225,0.554927416089679,3.2334454794807668,True
12,1,1875.1291230999566,0.5765641158476152,0.5560882322544859,,True
12,1,1883.4416453258796,0.5805293244296995,0.5560813097388412,,True
12,1,1891.793537285919,0.5748614159918376,0.5595120518066492,,True
12,1,1900.04230284128,0.5702553528147983,0.5551284955473421,3.16087603032322,True
12,1,1908.3370520077447,0.5788092593108776,0.5615372481169981,3.2419222447316223,True
12,1,1916.8133109755006,0.5800124878891638,0.5603414226965365,3.243163800357124,True
12,1,1924.8378112300159,0.5866906506407041,0.5592492259377501,3.318092040306798,True
12,1,1933.3147887511684,0.5915171415455667,0.5445822728848121,3.1262854448235045,True
12,1,1941.617417354983,,,3.238883200775523,False
12,1,1949.904628695279,0.5801061169260059,0.562443089710843,3.2749071592683445,True
12,1,1958.2958609852426,0.593913819926904,0.5560596739855909,3.2037598963194087,True
12,1,1966.7188267551408,0.5913729555091868,0.5492223881785295,3.1759394198397657,True
12,1,1975.2222499517604,0.5831041409001738,0.5650159209496308,,True
12,1,1983.1939791721445,,,3.2463653007631015,False
12,1,1991.7332381186495,0.5774510001247679,0.5606473636356993,,True
12,1,1999.7957860151541,0.5737794374428218,0.5504043880371559,3.265248682396575,True
12,1,2008.3495406724558,0.5832811781712784,0.5466333312945126,3.245557576330952,True
12,1,2016.7795569414632,0.5791616695314237,0.555551307368135,3.217850929248529,True
12,1,2024.9377304769619,0.5756572765365515,0.5555845317685751,3.170269127670153,True
12,1,2033.3824989089214,0.5738294105268597,0.5585202407774777,3.1942191930228923,True
12,1,2041.9064179884933,0.5775804036873201,0.5481863579000927,3.171424822987998,True
12,1,2049.7937097447434,,,3.1323531866382575,False
12,1,2058.546676497292,0.5723376207574328,0.53809396766044,,True
12,1,2066.3199595036554,0.5744288162755399,0.5422091331990234,3.135624388953272,True
12,1,2075.058395300414,0.5763703593095049,0.5410927519924371,3.135703172358412,True
12,1,2083.3271906123105,0.5848508210101421,0.5286471504843605,3.1959149530743156,True
12,1,2091.43571329969,0.5673333565812745,0.5408819240676268,3.11829189745002,True
12,1,2099.6053276368184,0.5628993716035091,0.5320405059624821,3.1198485527226794,True
12,1,2108.3970239333257,0.5680128780330508,0.5347092126545636,3.1245865916055022,True
12,1,2116.7305906912848,0.5612067765053775,0.5375172756452266,3.166518695376603,True
12,1,2125.109804130032,0.5626222890378357,0.543383872036764,3.119730969341842,True
12,1,2133.2900602614764,,,3.1501297127179826,False
12,1,2141.844583090595,0.5652390238420122,0.5351738343528551,3.151055521416055,True
12,1,2149.8920714681594,0.5555480456634093,0.5361611868304968,3.1191447171303097,True
12,1,2158.377716974462,0.5571166470681658,0.5206124951638277,3.094172919200785,True
12,1,2166.6450579007374,,,3.1300002877989908,False
12,1,2175.000571758037,0.5559399836790774,0.5338583879907149,3.1104221281884192,True
12,1,2183.34769175858,0.5587345137554603,0.5248795638617085,3.0954107388858434,True
12,1,2191.490705588836,,,3.1453663616448835,False
12,1,2200.25509798925,0.5442732116085973,0.5265768155225745,3.0897953369574056,True
12,1,2208.267244957786,0.5430748891160664,0.5169542017904428,3.125036555337877,True
12,1,2216.67315792926,0.5398597758373769,0.5084986951828495,3.147248002536722,True
12,1,2225.1478112794175,0.5370311362814543,0.5230643209703304,3.133413954425983,True
12,1,2233.4047216417002,0.5373647945800538,0.5092834513183924,3.18048602127339,True
12,1,2241.8302178669396,0.5352494452282639,0.5132950720384708,3.160880388075065,True
12,1,2250.1771366259177,0.5309982295707437,0.5118598996609468,3.0593276241804848,True
12,1,2258.3570184028085,0.5339239323194968,0.5058548074514903,3.094308144868535,True
12,1,2266.6007086779287,0.5293320715538782,0.49739682446083433,3.131572460211485,True
12,1,2275.1475162863376,0.5278395973629436,0.5023857365913982,3.1043089596733395,True
12,1,2283.3892334871475,0.5244147993362218,0.5036022485493716,3.1192368789113205,True
12,1,2291.579071067579,0.519416416376614,0.5036309285115008,3.097496257018197,True
12,1,2299.9324726051254,0.5144552241305068,0.5095542648505343,3.119692252275167,True
12,1,2308.277649510031,0.5137531969817056,0.4993175127429694,3.16546722833239,True
12,1,2316.648165979505,,,3.2198095046496586,False
12,1,2324.9336648933604,0.5156772032810093,0.4897761172462279,3.1221746240827604,True
12,1,2333.159768590432,0.5023469232550246,0.4860606869379576,3.1218138183211788,True
12,1,2341.955101949063,0.4961377346453847,0.48042306040316923,3.152521670419085,True
12,1,2350.077819057913,0.5078560243998519,0.4900402048929986,3.1661509068640967,True
12,1,2358.430671760578,0.49789896782562015,0.47339339775463973,3.231206168990531,True
12,1,2366.5320012254465,0.5064854448562661,0.4777252921835032,3.0889810689147126,True
12,1,2374.9807927072425,0.5066690584856263,0.4906442692829459,3.1303073973586577,True
12,1,2383.280507691344,0.4873914294728937,0.4847265884654254,3.2098847778333175,True
12,1,2391.9164292655564,0.49266974208846676,0.4819605723408901,3.1560479720173897,True
12,1,2400.034767505295,0.4941657084971172,0.4893246416507512,3.149496031146961,True
12,1,2408.5013107305454,0.47813203666484283,0.46567182827696546,3.075219893858142,True
12,1,2416.7625851671387,0.484108526768531,0.4680605389903039,3.2167858947369785,True
12,1,2425.1087473673883,0.4740183870174397,0.4646952123520733,3.0983012474319827,True
12,1,2433.3371305156425,0.4747692288810843,0.47634778513181025,3.1301359398081465,True
12,1,2441.619777806046,0.46797817779140866,0.46379531565290255,3.181757215403994,True
12,1,2449.948704576118,0.4731378649943067,0.46304121825064887,3.0876699522627624,True
12,1,2458.2756002357883,0.46788232434559723,0.46263334082401225,3.1181512409541203,True
12,1,2466.455638657379,0.4828736600823138,0.4670490950989709,3.1570464291230333,True
12,1,2474.9071382135317,0.46425921843639817,0.4646052989977655,3.098090442364748,True
12,1,2483.1935360289303,0.4620503036142709,0.45952430680808015,3.187780656466606,True
12,1,2491.8015888828795,0.4575282971870403,0.47067566997406957,3.1449709357536735,True
